"id";"appId";"title";"url";"description";"icon";"genres";"genreIds";"primaryGenre";"primaryGenreId";"contentRating";"languages";"size";"requiredOsVersion";"released";"updated";"releaseNotes";"version";"price";"currency";"free";"developerId";"developer";"developerUrl";"developerWebsite";"score";"reviews";"currentVersionScore";"currentVersionReviews";"screenshots";"ipadScreenshots";"appletvScreenshots";"supportedDevices"
1324604053;"com.easybrain.puzzles";"Jigsaw Puzzles - Puzzle Games";"https://apps.apple.com/us/app/jigsaw-puzzles-puzzle-games/id1324604053?uo=4";"Get an engaging experience with one of the world’s most-downloaded jigsaw puzzle games from a top developer! Jigsaw Puzzles is an addictive, easy to play game with over 13,000 FREE cute HD pictures. No points, no gimmicks, and no missing pieces, simply enjoy hours of fun putting puzzles together to calm down and relax.

Created by game experts and played by millions of puzzle lovers worldwide, Jigsaw Puzzles helps you exercise your short-term memory and concentration, while passing the time with real puzzles and without taking up as much room.

Features:

· Tons of free beautiful, high quality pictures. Choose from a variety of categories such as Colors, Flowers, Nature, Animals, Art, Landmarks, Hard Puzzles and others
· Daily free puzzle. Get a new puzzle every day and collect them all!
· Coins for exclusive content. Get coins by completing jigsaw puzzles. Spend them to get exclusive puzzles and collections!
· Seasonal events. Take part in game events and collect unique postcards
· Mystery puzzles. Challenge yourself to reveal what is hidden in a picture
· Daily updated gallery. You’ll never run out of free puzzles
· Helpful hints. Use Hint to match the next piece to the puzzle if you are stuck
· Up to 400 puzzle pieces. The more pieces, the harder your game becomes
· Rotation mode. Turn on rotation, make the game more tricky
· Custom backgrounds. Choose your favorite appearance to play with more pleasure.

Make every day relaxing and fun putting puzzle pieces together!";"https://is1-ssl.mzstatic.com/image/thumb/Purple126/v4/f2/56/ec/f256ec6f-0dcf-539a-a53a-189d26e3d5b9/AppIcon-0-1x_U007emarketing-0-7-0-85-220.png/512x512bb.jpg";"[""Games"",""Board"",""Puzzle"",""Entertainment""]";"[""6014"",""7004"",""7012"",""6016""]";"Games";6014;"12+";"[""AR"",""EN"",""FR"",""DE"",""HI"",""IT"",""JA"",""KO"",""PL"",""PT"",""RU"",""ZH"",""ES"",""TH"",""ZH"",""TR"",""VI""]";"168546304";"14.0";"2018-06-26T02:13:14Z";"2024-02-14T18:55:38Z";"- Performance and stability improvements

We read all your reviews and always try to make the game better. Please leave us some feedback if you love what we do and feel free to suggest any improvements. Make every day a happy day putting puzzle pieces together!";"3.8.1";0;"USD";true;1190815537;"Easybrain";"https://apps.apple.com/us/developer/easybrain/id1190815537?uo=4";"https://easybrain.com";4.74423;864935;4.74423;864935;"[""https://is1-ssl.mzstatic.com/image/thumb/Purple126/v4/ce/af/ca/ceafca74-4d55-7f02-2d49-af360930f72e/07088698-3616-4413-87af-644408da62b8_iphone8_English__U0028U.S._U0029_01.jpg/392x696bb.jpg"",""https://is1-ssl.mzstatic.com/image/thumb/Purple116/v4/af/b3/e7/afb3e7ac-7b93-4659-eb84-db701cc21ace/3f3d84af-620b-4dee-9fbd-ead19beab1da_iphone8_English__U0028U.S._U0029_02.jpg/392x696bb.jpg"",""https://is1-ssl.mzstatic.com/image/thumb/Purple126/v4/9c/d9/02/9cd902ff-6cee-1b2d-a0bb-efe3cce7f204/b187546a-02e7-493a-a065-e4f40366c870_iphone8_English__U0028U.S._U0029_03.jpg/392x696bb.jpg"",""https://is1-ssl.mzstatic.com/image/thumb/Purple116/v4/b1/1a/a7/b11aa78f-152f-f61a-9f94-fa5a1e6e3f73/6239c166-22ec-4995-bbc4-8c6b2eb2e969_iphone8_English__U0028U.S._U0029_04.jpg/392x696bb.jpg"",""https://is1-ssl.mzstatic.com/image/thumb/Purple126/v4/51/03/d5/5103d568-7d60-2d6d-f554-3c16375293e3/0f18b591-9cac-4b23-8c55-8ac1b16c05e1_iphone8_English__U0028U.S._U0029_05.jpg/392x696bb.jpg"",""https://is1-ssl.mzstatic.com/image/thumb/Purple116/v4/97/55/af/9755af8a-8dcb-770f-3b56-255bd2a03a12/359a5dcb-9787-447a-899d-d52446b9b273_iphone8_English__U0028U.S._U0029_06.jpg/392x696bb.jpg"",""https://is1-ssl.mzstatic.com/image/thumb/Purple126/v4/0b/24/83/0b248383-31bd-64d1-8bd3-b5b47c8e271a/0b7212c7-490f-491d-bbba-032007812efa_iphone8_English__U0028U.S._U0029_07.jpg/392x696bb.jpg"",""https://is1-ssl.mzstatic.com/image/thumb/Purple126/v4/f1/0d/61/f10d61f7-c384-7968-d284-702fe5091878/2903166c-cba0-4ff1-bbd4-870cfad7b297_iphone8_English__U0028U.S._U0029_08.jpg/392x696bb.jpg""]";"[""https://is1-ssl.mzstatic.com/image/thumb/Purple126/v4/2f/75/c2/2f75c23e-feec-fe5c-7f0e-4ece8a24ee69/53ca1010-5b22-458b-a996-a040775fcc9e_ipad_English__U0028U.S._U0029_01.jpg/552x414bb.jpg"",""https://is1-ssl.mzstatic.com/image/thumb/Purple116/v4/11/fb/e7/11fbe765-9591-1bc6-9845-1055aca8074d/870d5e51-de78-4f1c-bc8e-7abf66b8b240_ipad_English__U0028U.S._U0029_02.jpg/552x414bb.jpg"",""https://is1-ssl.mzstatic.com/image/thumb/Purple126/v4/b1/61/e8/b161e8c4-fced-a9da-9fcb-f46e3fe60734/8659d481-59a9-48f9-8b81-7cd3979dc089_ipad_English__U0028U.S._U0029_03.jpg/552x414bb.jpg"",""https://is1-ssl.mzstatic.com/image/thumb/Purple116/v4/de/bc/21/debc2148-7da7-72a8-d918-07c375db9ed2/dafb440d-b037-4449-9cd1-7623db2d7f11_ipad_English__U0028U.S._U0029_04.jpg/552x414bb.jpg"",""https://is1-ssl.mzstatic.com/image/thumb/Purple116/v4/7c/c5/b0/7cc5b09c-b62c-2ec5-83b8-dd930970c82e/dea3449b-eb4c-48dd-afa6-b5090f6193b9_ipad_English__U0028U.S._U0029_05.jpg/552x414bb.jpg"",""https://is1-ssl.mzstatic.com/image/thumb/Purple116/v4/23/2e/06/232e062e-f933-acf8-6dc0-21afe8efd7f0/65bc5512-0d8f-4ec5-a789-23c1ddecd0fd_ipad_English__U0028U.S._U0029_06.jpg/552x414bb.jpg"",""https://is1-ssl.mzstatic.com/image/thumb/Purple116/v4/3d/2d/32/3d2d32c3-999e-5772-ed5d-c96ba6bbbd01/1c76f81a-370c-4a03-88c3-2a51920f56d9_ipad_English__U0028U.S._U0029_07.jpg/552x414bb.jpg"",""https://is1-ssl.mzstatic.com/image/thumb/Purple116/v4/e2/3a/a3/e23aa369-68e6-9253-373c-0334bfb23645/68a577c9-81cb-4e23-9cf9-97fe35aa887b_ipad_English__U0028U.S._U0029_08.jpg/552x414bb.jpg""]";"[]";"[""iPhone5s-iPhone5s"",""iPadAir-iPadAir"",""iPadAirCellular-iPadAirCellular"",""iPadMiniRetina-iPadMiniRetina"",""iPadMiniRetinaCellular-iPadMiniRetinaCellular"",""iPhone6-iPhone6"",""iPhone6Plus-iPhone6Plus"",""iPadAir2-iPadAir2"",""iPadAir2Cellular-iPadAir2Cellular"",""iPadMini3-iPadMini3"",""iPadMini3Cellular-iPadMini3Cellular"",""iPodTouchSixthGen-iPodTouchSixthGen"",""iPhone6s-iPhone6s"",""iPhone6sPlus-iPhone6sPlus"",""iPadMini4-iPadMini4"",""iPadMini4Cellular-iPadMini4Cellular"",""iPadPro-iPadPro"",""iPadProCellular-iPadProCellular"",""iPadPro97-iPadPro97"",""iPadPro97Cellular-iPadPro97Cellular"",""iPhoneSE-iPhoneSE"",""iPhone7-iPhone7"",""iPhone7Plus-iPhone7Plus"",""iPad611-iPad611"",""iPad612-iPad612"",""iPad71-iPad71"",""iPad72-iPad72"",""iPad73-iPad73"",""iPad74-iPad74"",""iPhone8-iPhone8"",""iPhone8Plus-iPhone8Plus"",""iPhoneX-iPhoneX"",""iPad75-iPad75"",""iPad76-iPad76"",""iPhoneXS-iPhoneXS"",""iPhoneXSMax-iPhoneXSMax"",""iPhoneXR-iPhoneXR"",""iPad812-iPad812"",""iPad834-iPad834"",""iPad856-iPad856"",""iPad878-iPad878"",""iPadMini5-iPadMini5"",""iPadMini5Cellular-iPadMini5Cellular"",""iPadAir3-iPadAir3"",""iPadAir3Cellular-iPadAir3Cellular"",""iPodTouchSeventhGen-iPodTouchSeventhGen"",""iPhone11-iPhone11"",""iPhone11Pro-iPhone11Pro"",""iPadSeventhGen-iPadSeventhGen"",""iPadSeventhGenCellular-iPadSeventhGenCellular"",""iPhone11ProMax-iPhone11ProMax"",""iPhoneSESecondGen-iPhoneSESecondGen"",""iPadProSecondGen-iPadProSecondGen"",""iPadProSecondGenCellular-iPadProSecondGenCellular"",""iPadProFourthGen-iPadProFourthGen"",""iPadProFourthGenCellular-iPadProFourthGenCellular"",""iPhone12Mini-iPhone12Mini"",""iPhone12-iPhone12"",""iPhone12Pro-iPhone12Pro"",""iPhone12ProMax-iPhone12ProMax"",""iPadAir4-iPadAir4"",""iPadAir4Cellular-iPadAir4Cellular"",""iPadEighthGen-iPadEighthGen"",""iPadEighthGenCellular-iPadEighthGenCellular"",""iPadProThirdGen-iPadProThirdGen"",""iPadProThirdGenCellular-iPadProThirdGenCellular"",""iPadProFifthGen-iPadProFifthGen"",""iPadProFifthGenCellular-iPadProFifthGenCellular"",""iPhone13Pro-iPhone13Pro"",""iPhone13ProMax-iPhone13ProMax"",""iPhone13Mini-iPhone13Mini"",""iPhone13-iPhone13"",""iPadMiniSixthGen-iPadMiniSixthGen"",""iPadMiniSixthGenCellular-iPadMiniSixthGenCellular"",""iPadNinthGen-iPadNinthGen"",""iPadNinthGenCellular-iPadNinthGenCellular"",""iPhoneSEThirdGen-iPhoneSEThirdGen"",""iPadAirFifthGen-iPadAirFifthGen"",""iPadAirFifthGenCellular-iPadAirFifthGenCellular"",""iPhone14-iPhone14"",""iPhone14Plus-iPhone14Plus"",""iPhone14Pro-iPhone14Pro"",""iPhone14ProMax-iPhone14ProMax"",""iPadTenthGen-iPadTenthGen"",""iPadTenthGenCellular-iPadTenthGenCellular"",""iPadPro11FourthGen-iPadPro11FourthGen"",""iPadPro11FourthGenCellular-iPadPro11FourthGenCellular"",""iPadProSixthGen-iPadProSixthGen"",""iPadProSixthGenCellular-iPadProSixthGenCellular"",""iPhone15-iPhone15"",""iPhone15Plus-iPhone15Plus"",""iPhone15Pro-iPhone15Pro"",""iPhone15ProMax-iPhone15ProMax""]"
642831690;"com.mkjigsaw.jigsawcollectionhd";"Jigsaw Puzzles for Adults HD";"https://apps.apple.com/us/app/jigsaw-puzzles-for-adults-hd/id642831690?uo=4";"10,000 free jigsaw puzzles in the app and new puzzles every day. Upload your own pictures and use them to create puzzles. Do jigsaw puzzles to relax and get rid of stress.

CONFIGURE PUZZLES AS YOU LIKE

Choose from 12 difficulty levels: from 12 to 440 puzzle pieces. Configure the background color and shape of puzzle pieces. You can turn the rotation of pieces on or off for each puzzle separately.

CREATE PUZZLES USING YOUR PHOTOS

You can use any pictures on your device to create jigsaw puzzles. Make puzzles using your family photos, photos of your pets, or any pictures you find on the Internet.

ALL PUZZLES YOU CAN IMAGINE

You will find jigsaw puzzles for any taste in 17 categories. Special puzzle packs appear before holidays: Christmas, Halloween, Easter, Thanksgiving, etc. Full list of puzzle categories:

- Travel
- Art
- Seasons
- Animals
- Flowers
- Landscapes
- Home
- Kids
- Handmade
- Holidays
- Tropical
- Butterflies
- Assorted
- Colorful
- Food
- Patterns
- Technics

PROGRESS AUTOSAVE

The game saves your progress every time you close a puzzle. You don’t need to think about saving your progress and can do several jigsaw puzzles at the same time.

NEW PUZZLES EVERY DAY

A new jigsaw puzzle appears every day in the Daily Free Puzzle section. On Wednesday there is a big update — several big puzzle packs appear in the game. Small puzzle packs are published on our Facebook page daily: https://www.facebook.com/jigsawpuzzlecollectionhd/

NOTE!

Jigsaw Puzzle Collection HD contains in-app purchases that you can make through your iTunes account. You can disable in-app purchases by adjusting your device settings.

PRIVACY NOTICE TO CALIFORNIA RESIDENT CONSUMER'S ATTENTION:
 
Before You use the App, please read carefully our EULA and Privacy Statement (please use the links located below). 

Pay special attention to the section '’California Consumer Privacy Policy"" in the Privacy Statement to be informed of the categories of personal information to be collected from You and the purposes for which the categories of personal information will be used, as well as Your rights and our obligations toward You and Your privacy.

EULA: https://veraxen.com/terms.php
Terms of Use: https://veraxen.com/tos.php
Privacy Policy: https://veraxen.com/privacy.php";"https://is1-ssl.mzstatic.com/image/thumb/Purple221/v4/07/31/19/0731191c-f983-7fd6-6355-9fca26b0d3e7/AppIcon-1x_U007emarketing-0-7-0-0-sRGB-85-220-0.png/512x512bb.jpg";"[""Games"",""Board"",""Entertainment"",""Puzzle""]";"[""6014"",""7004"",""6016"",""7012""]";"Games";6014;"12+";"[""DA"",""NL"",""EN"",""FI"",""FR"",""DE"",""EL"",""ID"",""IT"",""JA"",""KO"",""MS"",""NB"",""PT"",""RU"",""ZH"",""ES"",""SV"",""TH"",""ZH"",""TR"",""VI""]";"312741888";"12.0";"2013-05-20T16:54:08Z";"2024-03-07T21:15:17Z";"We made small improvements for more pleasant playing.";"2.11.2";0;"USD";true;640529080;"Veraxen Ltd";"https://apps.apple.com/us/developer/veraxen-ltd/id640529080?uo=4";"https://veraxen.com";4.74993;698923;4.74993;698923;"[""https://is1-ssl.mzstatic.com/image/thumb/PurpleSource112/v4/3f/c2/7b/3fc27be3-ec2b-c699-711d-49a5fa7817dc/e07ff75d-d283-4acf-82c1-b1ef9965be2f_IPhone_01.jpg/392x696bb.jpg"",""https://is1-ssl.mzstatic.com/image/thumb/PurpleSource122/v4/1f/ec/bf/1fecbf12-84cb-9526-8a99-7adf5fe09edf/96c57e6c-0136-4ebc-99a1-86749bb37395_IPhone_02.jpg/392x696bb.jpg"",""https://is1-ssl.mzstatic.com/image/thumb/PurpleSource122/v4/2e/41/5d/2e415d07-715c-6b86-2a3b-aa928b9a2fcc/18993ef6-1b98-4570-94ef-6e9bb5b339ce_IPhone_03.jpg/392x696bb.jpg"",""https://is1-ssl.mzstatic.com/image/thumb/PurpleSource122/v4/d2/84/03/d2840385-294e-864a-b6c0-43912eb674a2/dd5e771f-280d-4528-818c-b4c0c67a3868_IPhone_04.jpg/392x696bb.jpg"",""https://is1-ssl.mzstatic.com/image/thumb/PurpleSource112/v4/34/c5/07/34c507e7-ce8a-fc2d-3396-87c5a598b115/4f598ced-281b-4710-b8be-d0f056bd71a4_IPhone_05.jpg/392x696bb.jpg"",""https://is1-ssl.mzstatic.com/image/thumb/PurpleSource122/v4/c8/4e/e8/c84ee80f-2612-184b-cb8d-6e773470e823/98951d49-69de-4289-9e82-ca7407ad9141_IPhone_06.jpg/392x696bb.jpg"",""https://is1-ssl.mzstatic.com/image/thumb/PurpleSource112/v4/8d/ea/71/8dea7115-64a9-5794-013a-80a093c1fe24/3a689ada-e100-47d9-9cf5-98d8716263de_IPhone_07.jpg/392x696bb.jpg"",""https://is1-ssl.mzstatic.com/image/thumb/PurpleSource112/v4/43/dd/aa/43ddaa90-e8e8-3486-94fc-ca470c978ebe/0aa2f9f6-d5c2-4b6f-8cce-c78d02d3aaa6_IPhone_08.jpg/392x696bb.jpg"",""https://is1-ssl.mzstatic.com/image/thumb/PurpleSource112/v4/49/c8/56/49c85692-691d-2817-94b4-9fabbc31a408/1a415a72-6403-4759-90e5-6c590a5bc510_IPhone_09.jpg/392x696bb.jpg""]";"[""https://is1-ssl.mzstatic.com/image/thumb/PurpleSource122/v4/2a/97/8b/2a978ba5-fa1b-407f-27e7-3d70bc30f304/9d6b2761-c33e-4295-956a-13fc0110e621_iPad_01.jpg/552x414bb.jpg"",""https://is1-ssl.mzstatic.com/image/thumb/PurpleSource112/v4/44/f2/57/44f25778-9273-6476-961d-a5ae03276bf2/3e48f2d2-4982-4384-b8fe-87c91804fabb_iPad_02.jpg/552x414bb.jpg"",""https://is1-ssl.mzstatic.com/image/thumb/PurpleSource112/v4/ed/c0/04/edc004ef-d4c4-6d9e-13b5-006a474f2fec/bc5d53a8-a633-473e-9744-edb74c0b8017_iPad_03.jpg/552x414bb.jpg"",""https://is1-ssl.mzstatic.com/image/thumb/PurpleSource122/v4/1d/63/22/1d6322e7-5cc0-dff1-e685-db7986f05cda/581f9f65-4b51-4e24-8daa-5ddfb2b0bf8e_iPad_04.jpg/552x414bb.jpg"",""https://is1-ssl.mzstatic.com/image/thumb/PurpleSource112/v4/f4/64/5a/f4645a06-1b17-f811-a560-300eb78ef826/891b2e03-d400-4435-adce-db6694590169_iPad_05.jpg/552x414bb.jpg"",""https://is1-ssl.mzstatic.com/image/thumb/PurpleSource112/v4/72/08/39/72083994-1df9-100a-babb-d1e8e6536604/4df9d3ea-78d2-44bf-94e6-ac70d3c02ba3_iPad_06.jpg/552x414bb.jpg"",""https://is1-ssl.mzstatic.com/image/thumb/PurpleSource122/v4/cd/e9/12/cde9128b-9311-12f9-7b0c-03c1af49f52a/f236499e-f00f-427c-ba4b-d878d85f6a83_iPad_07.jpg/552x414bb.jpg"",""https://is1-ssl.mzstatic.com/image/thumb/PurpleSource122/v4/ee/0c/40/ee0c40cb-79d1-5d94-192e-118c264575ac/73c28a46-1ded-44d6-975c-aeb5c0ee96b3_iPad_08.jpg/552x414bb.jpg"",""https://is1-ssl.mzstatic.com/image/thumb/PurpleSource122/v4/4a/4a/fc/4a4afcfd-6d19-d58f-c436-e91f929f5f43/3c935bc2-9498-4edc-8f1d-64e429e8e40e_iPad_09.jpg/552x414bb.jpg""]";"[]";"[""iPhone5s-iPhone5s"",""iPadAir-iPadAir"",""iPadAirCellular-iPadAirCellular"",""iPadMiniRetina-iPadMiniRetina"",""iPadMiniRetinaCellular-iPadMiniRetinaCellular"",""iPhone6-iPhone6"",""iPhone6Plus-iPhone6Plus"",""iPadAir2-iPadAir2"",""iPadAir2Cellular-iPadAir2Cellular"",""iPadMini3-iPadMini3"",""iPadMini3Cellular-iPadMini3Cellular"",""iPodTouchSixthGen-iPodTouchSixthGen"",""iPhone6s-iPhone6s"",""iPhone6sPlus-iPhone6sPlus"",""iPadMini4-iPadMini4"",""iPadMini4Cellular-iPadMini4Cellular"",""iPadPro-iPadPro"",""iPadProCellular-iPadProCellular"",""iPadPro97-iPadPro97"",""iPadPro97Cellular-iPadPro97Cellular"",""iPhoneSE-iPhoneSE"",""iPhone7-iPhone7"",""iPhone7Plus-iPhone7Plus"",""iPad611-iPad611"",""iPad612-iPad612"",""iPad71-iPad71"",""iPad72-iPad72"",""iPad73-iPad73"",""iPad74-iPad74"",""iPhone8-iPhone8"",""iPhone8Plus-iPhone8Plus"",""iPhoneX-iPhoneX"",""iPad75-iPad75"",""iPad76-iPad76"",""iPhoneXS-iPhoneXS"",""iPhoneXSMax-iPhoneXSMax"",""iPhoneXR-iPhoneXR"",""iPad812-iPad812"",""iPad834-iPad834"",""iPad856-iPad856"",""iPad878-iPad878"",""iPadMini5-iPadMini5"",""iPadMini5Cellular-iPadMini5Cellular"",""iPadAir3-iPadAir3"",""iPadAir3Cellular-iPadAir3Cellular"",""iPodTouchSeventhGen-iPodTouchSeventhGen"",""iPhone11-iPhone11"",""iPhone11Pro-iPhone11Pro"",""iPadSeventhGen-iPadSeventhGen"",""iPadSeventhGenCellular-iPadSeventhGenCellular"",""iPhone11ProMax-iPhone11ProMax"",""iPhoneSESecondGen-iPhoneSESecondGen"",""iPadProSecondGen-iPadProSecondGen"",""iPadProSecondGenCellular-iPadProSecondGenCellular"",""iPadProFourthGen-iPadProFourthGen"",""iPadProFourthGenCellular-iPadProFourthGenCellular"",""iPhone12Mini-iPhone12Mini"",""iPhone12-iPhone12"",""iPhone12Pro-iPhone12Pro"",""iPhone12ProMax-iPhone12ProMax"",""iPadAir4-iPadAir4"",""iPadAir4Cellular-iPadAir4Cellular"",""iPadEighthGen-iPadEighthGen"",""iPadEighthGenCellular-iPadEighthGenCellular"",""iPadProThirdGen-iPadProThirdGen"",""iPadProThirdGenCellular-iPadProThirdGenCellular"",""iPadProFifthGen-iPadProFifthGen"",""iPadProFifthGenCellular-iPadProFifthGenCellular"",""iPhone13Pro-iPhone13Pro"",""iPhone13ProMax-iPhone13ProMax"",""iPhone13Mini-iPhone13Mini"",""iPhone13-iPhone13"",""iPadMiniSixthGen-iPadMiniSixthGen"",""iPadMiniSixthGenCellular-iPadMiniSixthGenCellular"",""iPadNinthGen-iPadNinthGen"",""iPadNinthGenCellular-iPadNinthGenCellular"",""iPhoneSEThirdGen-iPhoneSEThirdGen"",""iPadAirFifthGen-iPadAirFifthGen"",""iPadAirFifthGenCellular-iPadAirFifthGenCellular"",""iPhone14-iPhone14"",""iPhone14Plus-iPhone14Plus"",""iPhone14Pro-iPhone14Pro"",""iPhone14ProMax-iPhone14ProMax"",""iPadTenthGen-iPadTenthGen"",""iPadTenthGenCellular-iPadTenthGenCellular"",""iPadPro11FourthGen-iPadPro11FourthGen"",""iPadPro11FourthGenCellular-iPadPro11FourthGenCellular"",""iPadProSixthGen-iPadProSixthGen"",""iPadProSixthGenCellular-iPadProSixthGenCellular"",""iPhone15-iPhone15"",""iPhone15Plus-iPhone15Plus"",""iPhone15Pro-iPhone15Pro"",""iPhone15ProMax-iPhone15ProMax""]"
1486214495;"com.unicostudio.braintest";"Brain Test: Tricky Puzzles";"https://apps.apple.com/us/app/brain-test-tricky-puzzles/id1486214495?uo=4";"Brain Test is an addictive free tricky puzzle game with a series of tricky brain teasers. Different riddles and tricky tests will challenge your mind. This new puzzle game may break common sense and bring your new brain-pushing experience!

You can enjoy yourself with your friends with this addictive and funny free IQ game. Brain games, IQ games and mind games can be a great way to enhance your brain. Think out of the box, crack the puzzles and get ready to take the quiz! You will enjoy this funny tricky test. This game is a new game and an offline game. Also one of the best games in the world. When you're tired and need to brain out for a while, play this tricky brain teaser game or other puzzle games from the Brain Test Series: Brain Test 2: Tricky Stories, Brain Test 3: Tricky Quests, Brain Test 4: Tricky Stories and Who Is? Brain Teaser & Riddles.

If you are a fan of word games, word search games, puzzles, sudoku puzzles, riddle games or any other quiz games, tricky test Brain Test is your best choice! Brain Test game is a popular choice in the puzzle games category, offering a fun mind game experience. Much funnier than classic test games. Brain games and iq games are for improving the brain. You can play the best games offline. Brain games for adults are fun, including popular mind games like Brain Test.

FEATURES
● Tricky & Mind-blowing Brain Teasers and Brain Go: You will be tricked!
● Unexpected game answers to the great number of quizzes.
● Fun for All Ages: The best trivia game for family & friends’ gatherings!
● Enjoy this impossible quiz.
● Download this funny game for free.
● Endless fun and brain-pushing games.
● Great exercise for the brain.
● Brain Test is a fun offline brain game for a relaxing brain out.
● Simple and highly addictive game play.
● Great pastime with riddle games.
● Play without the internet.
● Offline puzzle games.
● One of the best free games. Brain games for adults, puzzle games and new games.

Have fun!


Subscription Terms:

VIP PACKAGE: Access offers a weekly subscription, you will have a 3-days FREE trial period, after this period you will be charged.

After buying this subscription, you will unlock following features: instant 100 lamps, no ads, double daily gift, 50% cheaper skips and 40% cheaper hints.

This is an Auto-renewable subscription. The payment is charged to your account after confirmation. The subscription is renewed unless you turn it off 24 hours before the period ends. Your account will be charged for renewal as well.

End of trial and subscription renewal:

• The payment is charged to your account after a confirmation of purchase.
• The subscription is renewed unless you turn it off 24 hour before the end of the current period.
• The account will be charged for renewal within 24 hours before the end of the current period at the cost of the weekly subscription.
• The user may manage the subscription and auto-renewal have to be turned off by going to the user’s account settings after purchase in the Store.
• No cancellation of the current subscription is allowed during the active subscription period.

Canceling a trial or a subscription:

• If you want to cancel a subscription during its free trial, you have to cancel it through your account in the Store. This must be done at least 24 hours before the end of the free trial period to avoid being charged.

For more information, please visit https://support.apple.com/HT207865 for more information

If there is questions contact us unico@unicogames.co

Privacy Policy and Terms of Use
Privacy Policy: https://unicostudio.co/privacy.html
Terms of Use: https://unicostudio.co/terms.html";"https://is1-ssl.mzstatic.com/image/thumb/Purple116/v4/00/68/11/006811e6-6ea3-5386-a777-fbb854fda952/AppIcon-0-0-1x_U007emarketing-0-0-0-7-0-0-sRGB-0-0-0-GLES2_U002c0-512MB-85-220-0-0.png/512x512bb.jpg";"[""Games"",""Family"",""Trivia""]";"[""6014"",""7009"",""7018""]";"Games";6014;"12+";"[""AR"",""CS"",""EN"",""FR"",""DE"",""ID"",""IT"",""JA"",""KO"",""MS"",""PL"",""PT"",""RU"",""ZH"",""ES"",""TH"",""ZH"",""TR"",""VI""]";"230806528";"12.5";"2019-11-12T08:00:00Z";"2024-01-10T22:43:43Z";"Bug fixes and performance improvements.";"2.748.0";0;"USD";true;1467451326;"UNICO STUDIO";"https://apps.apple.com/us/developer/unico-studio/id1467451326?uo=4";"https://unicostudio.co/";4.79197;1051365;4.79197;1051365;"[""https://is1-ssl.mzstatic.com/image/thumb/Purple126/v4/1f/18/20/1f18203a-234a-a579-d8d4-dd2707d0ecc0/5d3a0973-07fe-432a-8ca4-da4a2db813f3_BT1_Klasik_IOS_5_5inch_EN_01.jpg/392x696bb.jpg"",""https://is1-ssl.mzstatic.com/image/thumb/Purple126/v4/51/4b/a3/514ba309-dc87-99b7-7d6b-4ede35c5dc82/20b45d45-7263-420f-b6a7-f2b64b8e1d61_BT1_Klasik_IOS_5_5inch_EN_02.jpg/392x696bb.jpg"",""https://is1-ssl.mzstatic.com/image/thumb/Purple126/v4/69/d6/7a/69d67a3a-fa08-0a70-aac1-606a86b463ff/f4ba275e-8117-4983-931a-50aefa4c64e4_BT1_Klasik_IOS_5_5inch_EN_09.jpg/392x696bb.jpg"",""https://is1-ssl.mzstatic.com/image/thumb/Purple116/v4/ff/07/a2/ff07a22b-ebba-e899-969f-3a8c523b29dd/6a9cddd9-f591-415e-9827-31d1f07237ab_BT1_EN_IOS_5.5_inch_Blacksheep.jpg/392x696bb.jpg"",""https://is1-ssl.mzstatic.com/image/thumb/Purple126/v4/5a/9a/ad/5a9aad0d-3267-2c23-a535-240c91ebd553/de60f768-bc98-4db4-b29b-70b26ee3433e_BT1_Klasik_IOS_5_5inch_EN_03.jpg/392x696bb.jpg"",""https://is1-ssl.mzstatic.com/image/thumb/PurpleSource116/v4/a8/bb/da/a8bbda00-38db-2238-47c7-fe20e1916dc7/406f714a-df89-44c2-a60b-1dec7a1ffe30_BT1_EN_iOS_5.5_TightBelt.jpg/392x696bb.jpg"",""https://is1-ssl.mzstatic.com/image/thumb/PurpleSource116/v4/1b/e9/af/1be9af52-89d4-95f2-3bbc-e135e75036dc/94c657c8-ff2c-434c-8910-aa8e54250459_BT1_EN_iOS_5.5_MixLiquids.jpg/392x696bb.jpg"",""https://is1-ssl.mzstatic.com/image/thumb/PurpleSource116/v4/d1/65/05/d16505f1-15e5-d77b-bcad-97896b51a3a5/b3c834b7-2c4d-4cee-ab44-32b87a88bea0_BT1_EN_iOS_5.5_DrawShip.jpg/392x696bb.jpg"",""https://is1-ssl.mzstatic.com/image/thumb/Purple126/v4/60/81/21/60812189-98cd-cc54-66d4-c31439090840/2c77889b-c63c-4a2c-b3d1-58ee9b4481b3_BT1_Klasik_IOS_5_5inch_EN_04.jpg/392x696bb.jpg"",""https://is1-ssl.mzstatic.com/image/thumb/Purple126/v4/14/f5/b3/14f5b3fa-4295-badc-bf62-903993b94134/703f7734-1fc4-47e0-a7a6-7ceb94160a83_BT1_Klasik_IOS_5_5inch_EN_05.jpg/392x696bb.jpg""]";"[""https://is1-ssl.mzstatic.com/image/thumb/Purple116/v4/9b/ce/d9/9bced95c-0f83-afdb-eca0-441365c3345a/26268ac6-08c1-4a44-be5f-6a9ba71b4ed8_BT1_Klasik_IOS_12_9inch_EN_01.jpg/576x768bb.jpg"",""https://is1-ssl.mzstatic.com/image/thumb/Purple126/v4/a5/5c/05/a55c0520-6851-812d-f0a3-4c3eb8a00c52/18b014d0-32e0-48b1-b0e4-0f602619b3e9_BT1_Klasik_IOS_12_9inch_EN_02.jpg/576x768bb.jpg"",""https://is1-ssl.mzstatic.com/image/thumb/Purple126/v4/9e/b2/d7/9eb2d775-57c1-9cbe-d516-892f1ed32178/457d60b1-05bd-4f3f-b977-b6ba37486f9a_BT1_Klasik_IOS_12_9inch_EN_09.jpg/576x768bb.jpg"",""https://is1-ssl.mzstatic.com/image/thumb/Purple126/v4/de/94/a4/de94a42c-3ac6-9d25-3735-629dff8f56f1/b365718d-5e0b-4c5e-b18b-3be72d353b7b_BT1_EN_IOS_12.9_inch_Blacksheep.jpg/576x768bb.jpg"",""https://is1-ssl.mzstatic.com/image/thumb/Purple116/v4/7d/19/37/7d19373f-b858-ac60-fa34-306c8563f881/0489a89f-10b4-4d40-a609-0f552651528d_BT1_Klasik_IOS_12_9inch_EN_03.jpg/576x768bb.jpg"",""https://is1-ssl.mzstatic.com/image/thumb/PurpleSource126/v4/d1/5f/3f/d15f3fed-b4e0-b709-9cdc-06948778844c/1ba0299b-f742-49d0-8a68-06dc265e8b43_BT1_EN_iOS_12.9_TightBelt.jpg/576x768bb.jpg"",""https://is1-ssl.mzstatic.com/image/thumb/PurpleSource126/v4/91/0c/66/910c6635-56de-d692-7e32-2a1d4896bcea/78902504-4370-42af-8204-3b18bd1545c4_BT1_EN_iOS_12.9_MixLiquids.jpg/576x768bb.jpg"",""https://is1-ssl.mzstatic.com/image/thumb/PurpleSource126/v4/fd/e6/39/fde639ff-b2a6-c080-08f6-8ef92a66e5d9/31797e85-2277-4383-8026-1e453d24e08c_BT1_EN_iOS_12.9_DrawShip.jpg/576x768bb.jpg"",""https://is1-ssl.mzstatic.com/image/thumb/Purple126/v4/75/a1/b1/75a1b1ac-9c79-4306-d5ae-7d5adab25622/c1d5dee4-2fab-4f71-a71d-5ed6833f0f29_BT1_Klasik_IOS_12_9inch_EN_04.jpg/576x768bb.jpg"",""https://is1-ssl.mzstatic.com/image/thumb/Purple126/v4/3f/29/54/3f295452-86ec-629d-88b4-14c436d438a0/0cf1b541-76ad-4786-917e-f8390f95db13_BT1_Klasik_IOS_12_9inch_EN_05.jpg/576x768bb.jpg""]";"[]";"[""iPhone5s-iPhone5s"",""iPadAir-iPadAir"",""iPadAirCellular-iPadAirCellular"",""iPadMiniRetina-iPadMiniRetina"",""iPadMiniRetinaCellular-iPadMiniRetinaCellular"",""iPhone6-iPhone6"",""iPhone6Plus-iPhone6Plus"",""iPadAir2-iPadAir2"",""iPadAir2Cellular-iPadAir2Cellular"",""iPadMini3-iPadMini3"",""iPadMini3Cellular-iPadMini3Cellular"",""iPodTouchSixthGen-iPodTouchSixthGen"",""iPhone6s-iPhone6s"",""iPhone6sPlus-iPhone6sPlus"",""iPadMini4-iPadMini4"",""iPadMini4Cellular-iPadMini4Cellular"",""iPadPro-iPadPro"",""iPadProCellular-iPadProCellular"",""iPadPro97-iPadPro97"",""iPadPro97Cellular-iPadPro97Cellular"",""iPhoneSE-iPhoneSE"",""iPhone7-iPhone7"",""iPhone7Plus-iPhone7Plus"",""iPad611-iPad611"",""iPad612-iPad612"",""iPad71-iPad71"",""iPad72-iPad72"",""iPad73-iPad73"",""iPad74-iPad74"",""iPhone8-iPhone8"",""iPhone8Plus-iPhone8Plus"",""iPhoneX-iPhoneX"",""iPad75-iPad75"",""iPad76-iPad76"",""iPhoneXS-iPhoneXS"",""iPhoneXSMax-iPhoneXSMax"",""iPhoneXR-iPhoneXR"",""iPad812-iPad812"",""iPad834-iPad834"",""iPad856-iPad856"",""iPad878-iPad878"",""iPadMini5-iPadMini5"",""iPadMini5Cellular-iPadMini5Cellular"",""iPadAir3-iPadAir3"",""iPadAir3Cellular-iPadAir3Cellular"",""iPodTouchSeventhGen-iPodTouchSeventhGen"",""iPhone11-iPhone11"",""iPhone11Pro-iPhone11Pro"",""iPadSeventhGen-iPadSeventhGen"",""iPadSeventhGenCellular-iPadSeventhGenCellular"",""iPhone11ProMax-iPhone11ProMax"",""iPhoneSESecondGen-iPhoneSESecondGen"",""iPadProSecondGen-iPadProSecondGen"",""iPadProSecondGenCellular-iPadProSecondGenCellular"",""iPadProFourthGen-iPadProFourthGen"",""iPadProFourthGenCellular-iPadProFourthGenCellular"",""iPhone12Mini-iPhone12Mini"",""iPhone12-iPhone12"",""iPhone12Pro-iPhone12Pro"",""iPhone12ProMax-iPhone12ProMax"",""iPadAir4-iPadAir4"",""iPadAir4Cellular-iPadAir4Cellular"",""iPadEighthGen-iPadEighthGen"",""iPadEighthGenCellular-iPadEighthGenCellular"",""iPadProThirdGen-iPadProThirdGen"",""iPadProThirdGenCellular-iPadProThirdGenCellular"",""iPadProFifthGen-iPadProFifthGen"",""iPadProFifthGenCellular-iPadProFifthGenCellular"",""iPhone13Pro-iPhone13Pro"",""iPhone13ProMax-iPhone13ProMax"",""iPhone13Mini-iPhone13Mini"",""iPhone13-iPhone13"",""iPadMiniSixthGen-iPadMiniSixthGen"",""iPadMiniSixthGenCellular-iPadMiniSixthGenCellular"",""iPadNinthGen-iPadNinthGen"",""iPadNinthGenCellular-iPadNinthGenCellular"",""iPhoneSEThirdGen-iPhoneSEThirdGen"",""iPadAirFifthGen-iPadAirFifthGen"",""iPadAirFifthGenCellular-iPadAirFifthGenCellular"",""iPhone14-iPhone14"",""iPhone14Plus-iPhone14Plus"",""iPhone14Pro-iPhone14Pro"",""iPhone14ProMax-iPhone14ProMax"",""iPadTenthGen-iPadTenthGen"",""iPadTenthGenCellular-iPadTenthGenCellular"",""iPadPro11FourthGen-iPadPro11FourthGen"",""iPadPro11FourthGenCellular-iPadPro11FourthGenCellular"",""iPadProSixthGen-iPadProSixthGen"",""iPadProSixthGenCellular-iPadProSixthGenCellular"",""iPhone15-iPhone15"",""iPhone15Plus-iPhone15Plus"",""iPhone15Pro-iPhone15Pro"",""iPhone15ProMax-iPhone15ProMax""]"
1261300725;"com.puzzlegame.puzzledom";"Puzzledom";"https://apps.apple.com/us/app/puzzledom/id1261300725?uo=4";"A collection of the best and most addictive logic puzzles, with minimalist graphics and unique level design!

""Puzzledom"" merges the best puzzles like Connect, Blocks, Rolling Ball and Escape, which are easy to learn and fun to master into one game collection.
As a puzzle lover, you don't need to spend much time on searching new brain teasers any more. We will give you a ONE-STOP game experience from now on! 

""Puzzledom"" collection currently has:
Connect 
Connect is a simple game involving connecting dots with the same color. When you draw the lines, please make sure the lines don't cross over each other. All the spaces should be filled. 

Blocks
Blocks is a classic puzzle that you need to fill the entire board with different shapes of blocks. Just drag the right block, move it onto the board and match the right place. It's a perfect logic game for brain training.

Rolling Ball 
Rolling Ball is a path guiding game that you need to slide the blocks to create a channel, making the white ball move from the starting point to the end point.

Escape 
Escape is a well-known game, called Chinese Sliding-Block. The goal is to move the red block to the exit. This game will test your observation skills.

FEATURES
• Tons of manually designed levels 
Over 8000 free levels inside and more funny levels are under development. 

• Easy but funny game play
We only put the best puzzles inside, which will make you cannot stop once you start playing.

• Minimalist graphics
The art design is simple but beautiful. 

• Playing the game with your friends
We will support online rank list soon! You can challenge your friends by achievements and the leader board. 

• No time limit
Unlike Match 3 games, puzzledom does not have a time limit. You can play it anytime even without WIFI. You can use hints to unblock obstacles when you feel struggled in some levels.


If you have any good ideas about Puzzledom, please send us an email in the game!

PUZZLEDOM UNLIMITED SUBSCRIPTION: 

- You can subscribe for unlimited access to puzzledom content. 

- The subscriptions are $7.99 weekly 

- You'll be able to access unlimited new puzzle games for the duration of your subscription. 

- Payment will be charged to iTunes Account at confirmation of purchase. 

- Subscription automatically renews unless auto-renew is turned off at least 24-hours before the end of the current period. 
 
- Account will be charged for renewal within 24-hours prior to the end of the current period at the cost of the chosen subscription. 

- Subscriptions may be managed by the user and auto-renewal may be turned off by going to the user's Account Settings after purchase. 

- No cancelation of the current subscription is allowed during active subscription period. 

- You can read privacy policy at http://www.metajoy.io/privacy.html and terms of use at http://www.metajoy.io/tos.html


- Any unused portion of a free trial period, if offered, will be forfeited when the user purchases a subscription to that content. 

*Prices are equal to the value that ""Apple's App Store Matrix"" determines is the equivalent of the subscription price in$USD.

Terms of Service 
http://www.metajoy.io/tos.html

Privacy Policy 
http://www.metajoy.io/privacy.html

Questions? Ask:help@metajoy.io";"https://is1-ssl.mzstatic.com/image/thumb/Purple122/v4/bb/46/d6/bb46d6a6-6044-7289-1354-6128bf967bc3/AppIcon-0-0-1x_U007emarketing-0-6-0-85-220.png/512x512bb.jpg";"[""Games"",""Entertainment"",""Puzzle"",""Board""]";"[""6014"",""6016"",""7012"",""7004""]";"Games";6014;"4+";"[""EN"",""FR"",""DE"",""IT"",""JA"",""KO"",""PT"",""RU"",""ZH"",""ES"",""ZH""]";"171654144";"12.0";"2017-08-08T02:18:06Z";"2024-03-09T01:32:33Z";"Bug fixes and improvements!";"8.1.33";0;"USD";true;1436156282;"Metajoy";"https://apps.apple.com/us/developer/metajoy/id1436156282?uo=4";"https://www.metajoy.io";4.67722;130420;4.67722;130420;"[""https://is1-ssl.mzstatic.com/image/thumb/Purple114/v4/fa/b8/ec/fab8ecdd-8eac-313b-a744-6d3ef8b39fe9/pr_source.png/392x696bb.png"",""https://is1-ssl.mzstatic.com/image/thumb/Purple114/v4/f9/db/86/f9db8671-b72f-415d-4233-51e141083b30/pr_source.png/392x696bb.png"",""https://is1-ssl.mzstatic.com/image/thumb/Purple114/v4/2c/7e/fa/2c7efa55-49be-80d2-d2ef-92ae333c8f42/pr_source.png/392x696bb.png"",""https://is1-ssl.mzstatic.com/image/thumb/Purple114/v4/b7/75/92/b7759223-79c7-43a9-4271-9bfc9f67fad9/pr_source.png/392x696bb.png"",""https://is1-ssl.mzstatic.com/image/thumb/Purple114/v4/82/71/d8/8271d8ef-eb1b-14d3-95dc-9235559c7248/pr_source.png/392x696bb.png"",""https://is1-ssl.mzstatic.com/image/thumb/Purple114/v4/8b/4f/8f/8b4f8fd4-cc95-7d50-34d5-317f9178ea7a/pr_source.png/392x696bb.png"",""https://is1-ssl.mzstatic.com/image/thumb/Purple114/v4/f9/2b/27/f92b2754-9460-6585-cc7d-29f161d13e06/pr_source.png/392x696bb.png"",""https://is1-ssl.mzstatic.com/image/thumb/Purple114/v4/75/1b/8e/751b8ece-8f4d-9c5d-70c7-a305134f93d1/pr_source.png/392x696bb.png""]";"[""https://is1-ssl.mzstatic.com/image/thumb/Purple114/v4/5c/54/eb/5c54eb65-4a35-98a2-1674-1b1721d46b43/pr_source.png/576x768bb.png"",""https://is1-ssl.mzstatic.com/image/thumb/Purple114/v4/6f/de/09/6fde09c1-16b8-01aa-30c0-40041ec0163e/pr_source.png/576x768bb.png"",""https://is1-ssl.mzstatic.com/image/thumb/Purple114/v4/d7/21/c5/d721c507-b49b-458d-1f73-c124237e89a7/pr_source.png/576x768bb.png"",""https://is1-ssl.mzstatic.com/image/thumb/Purple114/v4/dd/d6/8b/ddd68bd4-60ee-e089-f707-7b6f5f26cb0a/pr_source.png/576x768bb.png"",""https://is1-ssl.mzstatic.com/image/thumb/Purple114/v4/04/55/67/0455678d-c1b3-cbdb-468a-31581b879210/pr_source.png/576x768bb.png"",""https://is1-ssl.mzstatic.com/image/thumb/Purple114/v4/10/58/68/10586882-1544-7ebd-6b91-0c67fb1b154f/pr_source.png/576x768bb.png"",""https://is1-ssl.mzstatic.com/image/thumb/Purple114/v4/4f/70/67/4f70670b-1007-4324-f260-8db62239a0ba/pr_source.png/576x768bb.png"",""https://is1-ssl.mzstatic.com/image/thumb/Purple114/v4/19/93/e0/1993e0cd-15c9-b5b9-1cf1-aeeb0fffb907/pr_source.png/576x768bb.png""]";"[]";"[""iPhone5s-iPhone5s"",""iPadAir-iPadAir"",""iPadAirCellular-iPadAirCellular"",""iPadMiniRetina-iPadMiniRetina"",""iPadMiniRetinaCellular-iPadMiniRetinaCellular"",""iPhone6-iPhone6"",""iPhone6Plus-iPhone6Plus"",""iPadAir2-iPadAir2"",""iPadAir2Cellular-iPadAir2Cellular"",""iPadMini3-iPadMini3"",""iPadMini3Cellular-iPadMini3Cellular"",""iPodTouchSixthGen-iPodTouchSixthGen"",""iPhone6s-iPhone6s"",""iPhone6sPlus-iPhone6sPlus"",""iPadMini4-iPadMini4"",""iPadMini4Cellular-iPadMini4Cellular"",""iPadPro-iPadPro"",""iPadProCellular-iPadProCellular"",""iPadPro97-iPadPro97"",""iPadPro97Cellular-iPadPro97Cellular"",""iPhoneSE-iPhoneSE"",""iPhone7-iPhone7"",""iPhone7Plus-iPhone7Plus"",""iPad611-iPad611"",""iPad612-iPad612"",""iPad71-iPad71"",""iPad72-iPad72"",""iPad73-iPad73"",""iPad74-iPad74"",""iPhone8-iPhone8"",""iPhone8Plus-iPhone8Plus"",""iPhoneX-iPhoneX"",""iPad75-iPad75"",""iPad76-iPad76"",""iPhoneXS-iPhoneXS"",""iPhoneXSMax-iPhoneXSMax"",""iPhoneXR-iPhoneXR"",""iPad812-iPad812"",""iPad834-iPad834"",""iPad856-iPad856"",""iPad878-iPad878"",""iPadMini5-iPadMini5"",""iPadMini5Cellular-iPadMini5Cellular"",""iPadAir3-iPadAir3"",""iPadAir3Cellular-iPadAir3Cellular"",""iPodTouchSeventhGen-iPodTouchSeventhGen"",""iPhone11-iPhone11"",""iPhone11Pro-iPhone11Pro"",""iPadSeventhGen-iPadSeventhGen"",""iPadSeventhGenCellular-iPadSeventhGenCellular"",""iPhone11ProMax-iPhone11ProMax"",""iPhoneSESecondGen-iPhoneSESecondGen"",""iPadProSecondGen-iPadProSecondGen"",""iPadProSecondGenCellular-iPadProSecondGenCellular"",""iPadProFourthGen-iPadProFourthGen"",""iPadProFourthGenCellular-iPadProFourthGenCellular"",""iPhone12Mini-iPhone12Mini"",""iPhone12-iPhone12"",""iPhone12Pro-iPhone12Pro"",""iPhone12ProMax-iPhone12ProMax"",""iPadAir4-iPadAir4"",""iPadAir4Cellular-iPadAir4Cellular"",""iPadEighthGen-iPadEighthGen"",""iPadEighthGenCellular-iPadEighthGenCellular"",""iPadProThirdGen-iPadProThirdGen"",""iPadProThirdGenCellular-iPadProThirdGenCellular"",""iPadProFifthGen-iPadProFifthGen"",""iPadProFifthGenCellular-iPadProFifthGenCellular"",""iPhone13Pro-iPhone13Pro"",""iPhone13ProMax-iPhone13ProMax"",""iPhone13Mini-iPhone13Mini"",""iPhone13-iPhone13"",""iPadMiniSixthGen-iPadMiniSixthGen"",""iPadMiniSixthGenCellular-iPadMiniSixthGenCellular"",""iPadNinthGen-iPadNinthGen"",""iPadNinthGenCellular-iPadNinthGenCellular"",""iPhoneSEThirdGen-iPhoneSEThirdGen"",""iPadAirFifthGen-iPadAirFifthGen"",""iPadAirFifthGenCellular-iPadAirFifthGenCellular"",""iPhone14-iPhone14"",""iPhone14Plus-iPhone14Plus"",""iPhone14Pro-iPhone14Pro"",""iPhone14ProMax-iPhone14ProMax"",""iPadTenthGen-iPadTenthGen"",""iPadTenthGenCellular-iPadTenthGenCellular"",""iPadPro11FourthGen-iPadPro11FourthGen"",""iPadPro11FourthGenCellular-iPadPro11FourthGenCellular"",""iPadProSixthGen-iPadProSixthGen"",""iPadProSixthGenCellular-iPadProSixthGenCellular"",""iPhone15-iPhone15"",""iPhone15Plus-iPhone15Plus"",""iPhone15Pro-iPhone15Pro"",""iPhone15ProMax-iPhone15ProMax""]"
1589762792;"com.banana.jigsaw";"Jigsawscapes® - Jigsaw Puzzles";"https://apps.apple.com/us/app/jigsawscapes-jigsaw-puzzles/id1589762792?uo=4";"Jigsawscapes - Jigsaw Puzzles is a welcomed and addictive jigsaw puzzle game. You can download jigsaw puzzle game for your iPhone and iPad. You get 7000+ jigsaw puzzles everyday to train your brain and we add 20 new jigsaw puzzles every day. Our jigsaw puzzles game is designed for beginners and advanced players at the same time. Playing jigsaw puzzles everyday can help train your brain and help you get relaxed. It’s good for your brain, logical thinking and memory. Jigsaw puzzle game is a good time killer for all ages.

Jigsaw Puzzles - Classic Game has no missing pieces. There are 7000+ amazing jigsaw puzzles. You can choose difficulties for each puzzle by selecting the number of pieces. Our jigsaw puzzle game is like real jigsaw puzzles. We offer many categories like animals, sceneries, food etc.. You can play jigsaw puzzle game both online and offline.

Key Features
-No missing pieces: Finish every jigsaw puzzle as you want because there are no missing pieces at all.
-Daily jigsaw puzzle challenge - Complete Daily Challenges and collect trophies.
-Categories: We offer many categories, including animals, food, sceneries, houses, plants, landmarks etc.. You can choose whatever you want.
-Choose difficulty: Choose how to play your jigsaw puzzle for each puzzle by choosing the number of pieces.
-Rotate Mode: Rotate pieces to finish the puzzles
-My Puzzle Collection: Collect all the puzzles you have finished all in one place.
-Achievement System: See the puzzles in progress and resume whenever you want.
-Online & offline mode：Our jigsaw puzzle game doesn’t require internet connection. You can play without internet.
-HD pictures：All pictures are high definition and colorful. It’s not just a puzzle but also a feast to your eyes.
-Custom background: Play the jigsaw puzzles against the background you like.
-Zoom in and zoom out: By zoom in and out you can easily solve the jigsaw puzzles.
-For both kids and adults: All the jigsaw puzzles are for kids and adults at the same time.

Our jigsaw puzzle game app has an intuitive interface, easy control, clear layout and well balanced difficulty levels for beginners and advanced players. It’s not only a good time killer but also trains your brain and helps you get relaxed.

Jigsaw puzzle is a classic puzzle people have been playing since hundreds of years ago. People love jigsaw puzzles. Everybody should play jigsaw puzzles for their mind and brain.

Take a look at the high definition pictures and you can play them online and offline. Putting all the pieces together is like doing magic. It’s so fun and relaxing. Wonderful and colorful time killer!

If you have any idea for our jigsaw puzzles game, or if you have any question about Jigsaw and you want to discuss with us, please send us emails at jigsaw-support@dailyinnovation.biz. We are always here for you.

Download and play our fun jigsaw puzzles game now!

---------------------------------------

Jigsawscapes Plus
- With Jigsawscapes Plus you can subscribe for unlocking all video pictures, removing ads.
- Weekly Jigsawscapes Plus automatically renews for $6.99/week after the 3-day free trial. Monthly subscription is $12.99, yearly subscription is $69.99, equal to the same price that ""Apple's App Store Matrix"" determines in other currencies.
- These purchases are auto-renewable subscription. Payment will be charged to your Apple ID account at the confirmation of purchase or at the end of the trial period of purchase, if it's offered.
- The subscription automatically renews unless auto-renew is turned off at least 24 hours before the end of the current period. Your account will be charged for renewal within 24 hours prior to the end of the current period.

Terms: https://jigsawscapes.com/tos.html
Privacy: https://jigsawscapes.com/pp.html";"https://is1-ssl.mzstatic.com/image/thumb/Purple112/v4/d0/4e/8c/d04e8c91-cec4-e653-e263-93c6b6d91006/AppIcon-0-0-1x_U007emarketing-0-0-0-7-0-0-sRGB-0-0-0-GLES2_U002c0-512MB-85-220-0-0.png/512x512bb.jpg";"[""Games"",""Board"",""Puzzle"",""Lifestyle""]";"[""6014"",""7004"",""7012"",""6012""]";"Games";6014;"12+";"[""AR"",""NL"",""EN"",""FI"",""FR"",""DE"",""EL"",""HE"",""HI"",""HU"",""ID"",""IT"",""JA"",""KO"",""MS"",""NB"",""PL"",""PT"",""RO"",""RU"",""ZH"",""ES"",""SV"",""TH"",""ZH"",""TR"",""UK"",""VI""]";"209499136";"12.0";"2021-11-09T08:00:00Z";"2024-02-27T19:37:25Z";"Bug Fixes and Performance Improvements";"2.5.5";0;"USD";true;1658671470;"Oakever Games";"https://apps.apple.com/us/developer/oakever-games/id1658671470?uo=4";"http://kidultlovin.com";4.72323;121156;4.72323;121156;"[""https://is1-ssl.mzstatic.com/image/thumb/Purple126/v4/99/bd/ea/99bdea2c-feb6-fb96-d614-6de2043de0e2/9ea2d325-83cd-4410-b1e6-84dac99ceb9c_5.5_inch_p1.png/392x696bb.png"",""https://is1-ssl.mzstatic.com/image/thumb/Purple126/v4/34/de/43/34de4338-0549-90dc-9bea-8266ea31b49c/a5222836-6189-4800-8df8-df52e20b3b0c_5.5_inch_p2.png/392x696bb.png"",""https://is1-ssl.mzstatic.com/image/thumb/Purple126/v4/ce/fa/ac/cefaac57-e9ae-e78a-fb59-ab19f57195a8/96eea69a-fcb7-4a48-8066-a1a685811fa8_5.5_inch_p3.png/392x696bb.png"",""https://is1-ssl.mzstatic.com/image/thumb/Purple126/v4/91/f9/28/91f9282a-8bee-1ffb-d897-56739c3f721c/7d5cb868-4eb9-443e-a593-c9811387450c_5.5_inch_p4.png/392x696bb.png"",""https://is1-ssl.mzstatic.com/image/thumb/Purple116/v4/cf/97/9f/cf979f9b-02e9-e5c0-722d-7690d55f5c53/9549fdce-d9b1-4704-92c9-1947761f40d0_5.5_inch_p5.png/392x696bb.png"",""https://is1-ssl.mzstatic.com/image/thumb/Purple116/v4/43/a7/5e/43a75efe-b89f-5863-5ef2-1ee656e7192a/3522d1e1-975d-4a33-9b07-2de9f409e63a_5.5_inch_p6.png/392x696bb.png"",""https://is1-ssl.mzstatic.com/image/thumb/Purple126/v4/97/4a/62/974a62d3-1140-cce8-a6b9-bb9c3cc6f7d0/67bc356b-cec2-40bf-a7c8-ec3fbc7f71e4_5.5_inch_p7.png/392x696bb.png"",""https://is1-ssl.mzstatic.com/image/thumb/Purple116/v4/a1/50/ec/a150ecd9-3311-cace-da07-1a0cd971b55b/d4f1fe67-b16e-4163-a015-debcdd48cc7f_5.5_inch_p8.png/392x696bb.png""]";"[""https://is1-ssl.mzstatic.com/image/thumb/Purple116/v4/c1/cf/51/c1cf5169-c835-541a-8f0a-660768898233/4536dc1c-1208-4fea-a384-7ee9a7e13c82_12.9_inch_p1.png/552x414bb.png"",""https://is1-ssl.mzstatic.com/image/thumb/Purple116/v4/49/29/18/49291843-469b-4a58-1917-a22109d6f7ff/44fd43f7-3406-4da4-bf6d-0d5ebe924ed4_12.9_inch_p2.png/552x414bb.png"",""https://is1-ssl.mzstatic.com/image/thumb/Purple126/v4/18/ca/25/18ca257a-d81e-9359-aa00-9c246380592c/b2df8e8f-1ca4-4659-b5bf-90e4e68d73e8_12.9_inch_p3.png/552x414bb.png"",""https://is1-ssl.mzstatic.com/image/thumb/Purple126/v4/79/83/a6/7983a6cc-0b84-b2b1-0421-988bb4bd7bcc/0959f47f-4886-492c-a40a-f9d6d8b829b6_12.9_inch_p4.png/552x414bb.png"",""https://is1-ssl.mzstatic.com/image/thumb/Purple116/v4/c4/42/b0/c442b0c9-4e44-4e39-600d-09e5f01a927b/6e170eb2-d4ad-4469-9429-87505119b1d5_12.9_inch_p5.png/552x414bb.png"",""https://is1-ssl.mzstatic.com/image/thumb/Purple126/v4/02/92/21/029221dd-bb8d-806d-5f3a-30941412ef5d/5f311f8d-ab19-4846-8af7-e6d0b44229a2_12.9_inch_p6.png/552x414bb.png"",""https://is1-ssl.mzstatic.com/image/thumb/Purple116/v4/90/47/fc/9047fc0f-d045-09ea-6a77-5b9cf83497ac/dac763bf-52c0-4068-ac49-c0316a02338c_12.9_inch_p7.png/552x414bb.png"",""https://is1-ssl.mzstatic.com/image/thumb/Purple116/v4/f8/ac/4e/f8ac4eed-0e7b-f215-2d16-9571d7959d68/952aab28-6925-4e62-a7df-96405e5594c0_12.9_inch_p8.png/552x414bb.png""]";"[]";"[""iPhone5s-iPhone5s"",""iPadAir-iPadAir"",""iPadAirCellular-iPadAirCellular"",""iPadMiniRetina-iPadMiniRetina"",""iPadMiniRetinaCellular-iPadMiniRetinaCellular"",""iPhone6-iPhone6"",""iPhone6Plus-iPhone6Plus"",""iPadAir2-iPadAir2"",""iPadAir2Cellular-iPadAir2Cellular"",""iPadMini3-iPadMini3"",""iPadMini3Cellular-iPadMini3Cellular"",""iPodTouchSixthGen-iPodTouchSixthGen"",""iPhone6s-iPhone6s"",""iPhone6sPlus-iPhone6sPlus"",""iPadMini4-iPadMini4"",""iPadMini4Cellular-iPadMini4Cellular"",""iPadPro-iPadPro"",""iPadProCellular-iPadProCellular"",""iPadPro97-iPadPro97"",""iPadPro97Cellular-iPadPro97Cellular"",""iPhoneSE-iPhoneSE"",""iPhone7-iPhone7"",""iPhone7Plus-iPhone7Plus"",""iPad611-iPad611"",""iPad612-iPad612"",""iPad71-iPad71"",""iPad72-iPad72"",""iPad73-iPad73"",""iPad74-iPad74"",""iPhone8-iPhone8"",""iPhone8Plus-iPhone8Plus"",""iPhoneX-iPhoneX"",""iPad75-iPad75"",""iPad76-iPad76"",""iPhoneXS-iPhoneXS"",""iPhoneXSMax-iPhoneXSMax"",""iPhoneXR-iPhoneXR"",""iPad812-iPad812"",""iPad834-iPad834"",""iPad856-iPad856"",""iPad878-iPad878"",""iPadMini5-iPadMini5"",""iPadMini5Cellular-iPadMini5Cellular"",""iPadAir3-iPadAir3"",""iPadAir3Cellular-iPadAir3Cellular"",""iPodTouchSeventhGen-iPodTouchSeventhGen"",""iPhone11-iPhone11"",""iPhone11Pro-iPhone11Pro"",""iPadSeventhGen-iPadSeventhGen"",""iPadSeventhGenCellular-iPadSeventhGenCellular"",""iPhone11ProMax-iPhone11ProMax"",""iPhoneSESecondGen-iPhoneSESecondGen"",""iPadProSecondGen-iPadProSecondGen"",""iPadProSecondGenCellular-iPadProSecondGenCellular"",""iPadProFourthGen-iPadProFourthGen"",""iPadProFourthGenCellular-iPadProFourthGenCellular"",""iPhone12Mini-iPhone12Mini"",""iPhone12-iPhone12"",""iPhone12Pro-iPhone12Pro"",""iPhone12ProMax-iPhone12ProMax"",""iPadAir4-iPadAir4"",""iPadAir4Cellular-iPadAir4Cellular"",""iPadEighthGen-iPadEighthGen"",""iPadEighthGenCellular-iPadEighthGenCellular"",""iPadProThirdGen-iPadProThirdGen"",""iPadProThirdGenCellular-iPadProThirdGenCellular"",""iPadProFifthGen-iPadProFifthGen"",""iPadProFifthGenCellular-iPadProFifthGenCellular"",""iPhone13Pro-iPhone13Pro"",""iPhone13ProMax-iPhone13ProMax"",""iPhone13Mini-iPhone13Mini"",""iPhone13-iPhone13"",""iPadMiniSixthGen-iPadMiniSixthGen"",""iPadMiniSixthGenCellular-iPadMiniSixthGenCellular"",""iPadNinthGen-iPadNinthGen"",""iPadNinthGenCellular-iPadNinthGenCellular"",""iPhoneSEThirdGen-iPhoneSEThirdGen"",""iPadAirFifthGen-iPadAirFifthGen"",""iPadAirFifthGenCellular-iPadAirFifthGenCellular"",""iPhone14-iPhone14"",""iPhone14Plus-iPhone14Plus"",""iPhone14Pro-iPhone14Pro"",""iPhone14ProMax-iPhone14ProMax"",""iPadTenthGen-iPadTenthGen"",""iPadTenthGenCellular-iPadTenthGenCellular"",""iPadPro11FourthGen-iPadPro11FourthGen"",""iPadPro11FourthGenCellular-iPadPro11FourthGenCellular"",""iPadProSixthGen-iPadProSixthGen"",""iPadProSixthGenCellular-iPadProSixthGenCellular"",""iPhone15-iPhone15"",""iPhone15Plus-iPhone15Plus"",""iPhone15Pro-iPhone15Pro"",""iPhone15ProMax-iPhone15ProMax""]"