appId,Device
com.wanderlog.ios,supports_iPhone
com.tripit.tripitmobile,supports_iPhone
com.roadtrippers.roadtrippersinc,supports_iPhone
app.tripsy.ios,supports_iPhone
com.tripadvisor.LocalPicks,supports_iPhone
com.visitacity.visitacityapp,supports_iPhone
com.jeremieleroy.packr,supports_iPhone
flamingo.com.uk.Flamingo,supports_iPhone
co.tripscout.tripscout,supports_iPhone
com.CarobApps.inRoute,supports_iPhone
com.rmitech.nowy,supports_iPhone
com.expedia.booking,supports_iPhone
com.pluto.travel,supports_iPhone
digital.monos.tour,supports_iPhone
app.getroadie.ios,supports_iPhone
com.viator,supports_iPhone
com.booking.BookingApp,supports_iPhone
com.airbnb.app,supports_iPhone
com.stippl.stippl,supports_iPhone
com.hopper.flights,supports_iPhone
com.outofoffice.ooomobile,supports_iPhone
com.tripmapper.tripmapper,supports_iPhone
com.modesittsoftware.RTP-Viewer,supports_iPhone
com.rome2rio.Rome2Rio,supports_iPhone
com.getyourguide.mobile.GetYourGuide,supports_iPhone
com.HighHeels.Travelist,supports_iPhone
com.kayak.travel,supports_iPhone
com.pilotplans,supports_iPhone
com.kartsev.tripgen,supports_iPhone
com.caseygrp.Keyoobi,supports_iPhone
com.marchukevich.tripplanner,supports_iPhone
com.citycracker.app,supports_iPhone
com.routeplanners.apps,supports_iPhone
com.yourcompany.CheckMyTrip,supports_iPhone
com.polarsteps.Polarsteps,supports_iPhone
com.hadfield.roadtrip,supports_iPhone
de.hacon.hafas.eurail.navigator,supports_iPhone
com.kaimallie.ibucket,supports_iPhone
com.proalab.routeoptimizer,supports_iPhone
com.willie.Funlidays,supports_iPhone
com.lyfshort.lyfshortapp,supports_iPhone
com.SlapiOSapp,supports_iPhone
ai.iplan.app,supports_iPhone
com.rccl.celebrity,supports_iPhone
ideastudio.Weather-on-the-Way,supports_iPhone
com.tripomatic.tripomatic,supports_iPhone
com.citypass.my,supports_iPhone
RestingCranes.PlaceMaker,supports_iPhone
com.ericrwolfe.Footpath,supports_iPhone
com.atlasobscura.ios,supports_iPhone
com.fyfoh.iosapp,supports_iPhone
com.cheapflights.search,supports_iPhone
com.bd.adeo,supports_iPhone
MehmetCanAlaca.Pin-Travel,supports_iPhone
com.bytheways.tripapp,supports_iPhone
io.lambus.app,supports_iPhone
com.hotels.HotelsNearMe,supports_iPhone
com.walabokllc.superchargersfortesla,supports_iPhone
com.driveweather.2018,supports_iPhone
no.ruter.Reise,supports_iPhone
com.ifreegroup.exping,supports_iPhone
com.montgomery.rideon,supports_iPhone
com.g16.app.berbe,supports_iPhone
com.hipcamp.pocketknife,supports_iPhone
com.nosach.route-planner,supports_iPhone
com.bub.iwanderlust,supports_iPhone
com.smartwidgetlabs.travelmapvisual,supports_iPhone
crc.oneapp.co,supports_iPhone
com.underwoodapps.Circuit,supports_iPhone
com.momondo.search,supports_iPhone
com.PackThis,supports_iPhone
com.busexpertapp.oceania.sydney,supports_iPhone
com.routeplanner.crew.app,supports_iPhone
com.visitwidget.fishermanswharf,supports_iPhone
com.flutterflow.parisurbanist,supports_iPhone
com.bodunov.GalileoPro,supports_iPhone
com.durbinware.WSFInfo,supports_iPhone
com.zacharyblank.Driver,supports_iPhone
com.tymonwiedemair.berlin2go,supports_iPhone
travel.fcm.usa.sam,supports_iPhone
kr.co.yjteam.dailytrip,supports_iPhone
vc.bizet.Gigi,supports_iPhone
com.mike.unikoom.lucy,supports_iPhone
com.foxworldtravel.guides,supports_iPhone
com.tymonwiedemair.istanbul2go,supports_iPhone
com.chicago.free,supports_iPhone
net.trippin,supports_iPhone
com.crescentrating.crescenttrips101,supports_iPhone
com.yeah.isl,supports_iPhone
com.ratp.toscane,supports_iPhone
jp.co.navitime.transit,supports_iPhone
com.remedy.orbt,supports_iPhone
com.proalab.weather,supports_iPhone
com.gotoapp.qatar,supports_iPhone
com.tymonwiedemair.singapore2go,supports_iPhone
com.tymonwiedemair.prague2go,supports_iPhone
com.tymonwiedemair.vienna2go,supports_iPhone
tech.kongri.travel,supports_iPhone
com.zipptrip.lumi,supports_iPhone
de.geomeister.motocompano,supports_iPhone
com.trueelephant.trexpense.free,supports_iPhone
com.troupe.mobileapp,supports_iPhone
net.skyscanner.iphone,supports_iPhone
com.arriva.glimble,supports_iPhone
com.chriswithers456.TripPlanner,supports_iPhone
com.vaicai.VaicAI,supports_iPhone
com.triplink.app,supports_iPhone
com.circlegate.ezrideboston,supports_iPhone
com.routeplanner.app,supports_iPhone
com.klook.klook,supports_iPhone
com.escapekar.escapekar,supports_iPhone
com.chimani.parks.free,supports_iPhone
com.jc.planiti,supports_iPhone
com.RyanPeggs.iMaps-,supports_iPhone
com.reverllc.rever,supports_iPhone
travel.portico.app.ios,supports_iPhone
com.airpano.travelbook,supports_iPhone
com.calimoto.calimoto,supports_iPhone
com.tymonwiedemair.maps2golite,supports_iPhone
com.pinguido.scenic,supports_iPhone
com.holidaypirates.urlaubspiraten,supports_iPhone
com.shakaguide.kauai,supports_iPhone
com.visitwidget.nomansland,supports_iPhone
com.zerodawn.skratch,supports_iPhone
com.porsche.RoadsByPorsche,supports_iPhone
com.halfpeeled.roadtrip,supports_iPhone
com.travelmath,supports_iPhone
com.theglobalkey.theglobalkey,supports_iPhone
com.tripoto.app,supports_iPhone
com.shakaguide.oahu,supports_iPhone
com.mytravelitinerary.googletrips,supports_iPhone
com.voiaje,supports_iPhone
com.tymonwiedemair.paris2go,supports_iPhone
com.tekshapers.easemytrip,supports_iPhone
com.cvz.dailytracker.red,supports_iPhone
com.cross-out,supports_iPhone
com.mobisharks.rv,supports_iPhone
com.tymonwiedemair.lisbon2go,supports_iPhone
com.NandrezHoldingsLimited.pebblar,supports_iPhone
cz.worldeecom.worldee,supports_iPhone
com.ghosty.fotospot,supports_iPhone
com.jerrycan.SydneyMetro,supports_iPhone
org.ridemetro.houstontrip,supports_iPhone
com.etips.tripguider,supports_iPhone
com.tymonwiedemair.dubai2go,supports_iPhone
com.tymonwiedemair.madrid2go,supports_iPhone
bee.travelexpense.com,supports_iPhone
com.zimride.instant,supports_iPhone
com.allstays.camprv,supports_iPhone
com.tourlandish.Tourlandish,supports_iPhone
com.tripdesigner,supports_iPhone
com.app.framey,supports_iPhone
com.gow.app,supports_iPhone
com.busexpertapp.uswest.denver,supports_iPhone
com.londonandpartners.londonguide,supports_iPhone
com.hoptale.ios,supports_iPhone
com.passporterapp.passporter,supports_iPhone
llc.fabricate.remainders,supports_iPhone
com.intheflow.app,supports_iPhone
com.modesittsoftware.RoadTripPlanner,supports_iPhone
com.tnx.packed,supports_iPhone
com.circlegate.transit,supports_iPhone
com.myapp.app2sdfgsgd,supports_iPhone
com.buzzhives.TripPlanner,supports_iPhone
com.travelerbuddy.app,supports_iPhone
com.ngoc.travel,supports_iPhone
mintwoobi.exnote-travel,supports_iPhone
com.maposcope.MaposcopeRoutePlanner,supports_iPhone
com.travi.app,supports_iPhone
com.gypsyguide,supports_iPhone
com.travelboast.travelboast,supports_iPhone
net.drinkpoint.Packpoint,supports_iPhone
com.offlinemaps.gps.map2023,supports_iPhone
com.atour.guide,supports_iPhone
org.bart.bartApp,supports_iPhone
com.mombo.print,supports_iPhone
com.tripbffllc.Travely,supports_iPhone
mcm.Distance-Tool,supports_iPhone
com.keinois.PrettyProgressApp,supports_iPhone
com.despegar.despegar,supports_iPhone
com.collinorear.EV-Companion,supports_iPhone
com.wander.com.app,supports_iPhone
com.rvparky.rvparky,supports_iPhone
com.flighthub,supports_iPhone
ninja.rail.firebird,supports_iPhone
com.bodunov.galileo,supports_iPhone
dev.omnivision.roamaround.ios,supports_iPhone
com.Badger.badger,supports_iPhone
com.exoticca.ios,supports_iPhone
com.cvz.dailytracker.premium,supports_iPhone
com.alexia.amigoapp,supports_iPhone
net.chargeway.chargeway,supports_iPhone
com.prostachki.beenmap,supports_iPhone
tech.calstephens.PhotoMap,supports_iPhone
info.mta.mymta,supports_iPhone
com.voyagegames.WeatherRoute,supports_iPhone
travel.firebird.app,supports_iPhone
com.mdv.MVVCompanion,supports_iPhone
kovacs.andras.Trip-Planner,supports_iPhone
com.wanderlog.ios,supports_iPad
com.tripit.tripitmobile,supports_iPad
com.roadtrippers.roadtrippersinc,supports_iPad
app.tripsy.ios,supports_iPad
com.tripadvisor.LocalPicks,supports_iPad
com.visitacity.visitacityapp,supports_iPad
com.jeremieleroy.packr,supports_iPad
flamingo.com.uk.Flamingo,supports_iPad
co.tripscout.tripscout,supports_iPad
com.CarobApps.inRoute,supports_iPad
com.rmitech.nowy,supports_iPad
com.expedia.booking,supports_iPad
com.pluto.travel,supports_iPad
digital.monos.tour,supports_iPad
app.getroadie.ios,supports_iPad
com.viator,supports_iPad
com.booking.BookingApp,supports_iPad
com.airbnb.app,supports_iPad
com.stippl.stippl,supports_iPad
com.hopper.flights,supports_iPad
com.outofoffice.ooomobile,supports_iPad
com.tripmapper.tripmapper,supports_iPad
com.modesittsoftware.RTP-Viewer,supports_iPad
com.rome2rio.Rome2Rio,supports_iPad
com.getyourguide.mobile.GetYourGuide,supports_iPad
com.HighHeels.Travelist,supports_iPad
com.kayak.travel,supports_iPad
com.pilotplans,supports_iPad
com.kartsev.tripgen,supports_iPad
com.caseygrp.Keyoobi,supports_iPad
com.marchukevich.tripplanner,supports_iPad
com.citycracker.app,supports_iPad
com.routeplanners.apps,supports_iPad
com.yourcompany.CheckMyTrip,supports_iPad
com.polarsteps.Polarsteps,supports_iPad
com.hadfield.roadtrip,supports_iPad
de.hacon.hafas.eurail.navigator,supports_iPad
com.kaimallie.ibucket,supports_iPad
com.proalab.routeoptimizer,supports_iPad
com.willie.Funlidays,supports_iPad
com.lyfshort.lyfshortapp,supports_iPad
com.SlapiOSapp,supports_iPad
ai.iplan.app,supports_iPad
com.rccl.celebrity,supports_iPad
ideastudio.Weather-on-the-Way,supports_iPad
com.tripomatic.tripomatic,supports_iPad
com.citypass.my,supports_iPad
RestingCranes.PlaceMaker,supports_iPad
com.ericrwolfe.Footpath,supports_iPad
com.atlasobscura.ios,supports_iPad
com.fyfoh.iosapp,supports_iPad
com.cheapflights.search,supports_iPad
com.bd.adeo,supports_iPad
MehmetCanAlaca.Pin-Travel,supports_iPad
com.bytheways.tripapp,supports_iPad
io.lambus.app,supports_iPad
com.hotels.HotelsNearMe,supports_iPad
com.walabokllc.superchargersfortesla,supports_iPad
com.driveweather.2018,supports_iPad
no.ruter.Reise,supports_iPad
com.ifreegroup.exping,supports_iPad
com.montgomery.rideon,supports_iPad
com.g16.app.berbe,supports_iPad
com.hipcamp.pocketknife,supports_iPad
com.nosach.route-planner,supports_iPad
com.bub.iwanderlust,supports_iPad
com.smartwidgetlabs.travelmapvisual,supports_iPad
crc.oneapp.co,supports_iPad
com.underwoodapps.Circuit,supports_iPad
com.momondo.search,supports_iPad
com.PackThis,supports_iPad
com.busexpertapp.oceania.sydney,supports_iPad
com.routeplanner.crew.app,supports_iPad
com.visitwidget.fishermanswharf,supports_iPad
com.flutterflow.parisurbanist,supports_iPad
com.bodunov.GalileoPro,supports_iPad
com.durbinware.WSFInfo,supports_iPad
com.zacharyblank.Driver,supports_iPad
com.tymonwiedemair.berlin2go,supports_iPad
travel.fcm.usa.sam,supports_iPad
kr.co.yjteam.dailytrip,supports_iPad
vc.bizet.Gigi,supports_iPad
com.mike.unikoom.lucy,supports_iPad
com.foxworldtravel.guides,supports_iPad
com.tymonwiedemair.istanbul2go,supports_iPad
com.chicago.free,supports_iPad
net.trippin,supports_iPad
com.crescentrating.crescenttrips101,supports_iPad
com.yeah.isl,supports_iPad
com.ratp.toscane,supports_iPad
jp.co.navitime.transit,supports_iPad
com.remedy.orbt,supports_iPad
com.proalab.weather,supports_iPad
com.gotoapp.qatar,supports_iPad
com.tymonwiedemair.singapore2go,supports_iPad
com.tymonwiedemair.prague2go,supports_iPad
com.tymonwiedemair.vienna2go,supports_iPad
tech.kongri.travel,supports_iPad
com.zipptrip.lumi,supports_iPad
de.geomeister.motocompano,supports_iPad
com.trueelephant.trexpense.free,supports_iPad
com.troupe.mobileapp,supports_iPad
net.skyscanner.iphone,supports_iPad
com.arriva.glimble,supports_iPad
com.chriswithers456.TripPlanner,supports_iPad
com.vaicai.VaicAI,supports_iPad
com.triplink.app,supports_iPad
com.circlegate.ezrideboston,supports_iPad
com.routeplanner.app,supports_iPad
com.klook.klook,supports_iPad
com.escapekar.escapekar,supports_iPad
com.chimani.parks.free,supports_iPad
com.jc.planiti,supports_iPad
com.RyanPeggs.iMaps-,supports_iPad
com.reverllc.rever,supports_iPad
travel.portico.app.ios,supports_iPad
com.airpano.travelbook,supports_iPad
com.calimoto.calimoto,supports_iPad
com.tymonwiedemair.maps2golite,supports_iPad
com.pinguido.scenic,supports_iPad
com.holidaypirates.urlaubspiraten,supports_iPad
com.shakaguide.kauai,supports_iPad
com.visitwidget.nomansland,supports_iPad
com.zerodawn.skratch,supports_iPad
com.porsche.RoadsByPorsche,supports_iPad
com.halfpeeled.roadtrip,supports_iPad
com.travelmath,supports_iPad
com.theglobalkey.theglobalkey,supports_iPad
com.tripoto.app,supports_iPad
com.shakaguide.oahu,supports_iPad
com.mytravelitinerary.googletrips,supports_iPad
com.voiaje,supports_iPad
com.tymonwiedemair.paris2go,supports_iPad
com.tekshapers.easemytrip,supports_iPad
com.cvz.dailytracker.red,supports_iPad
com.cross-out,supports_iPad
com.mobisharks.rv,supports_iPad
com.tymonwiedemair.lisbon2go,supports_iPad
com.NandrezHoldingsLimited.pebblar,supports_iPad
cz.worldeecom.worldee,supports_iPad
com.ghosty.fotospot,supports_iPad
com.jerrycan.SydneyMetro,supports_iPad
org.ridemetro.houstontrip,supports_iPad
com.etips.tripguider,supports_iPad
com.tymonwiedemair.dubai2go,supports_iPad
com.tymonwiedemair.madrid2go,supports_iPad
bee.travelexpense.com,supports_iPad
com.zimride.instant,supports_iPad
com.allstays.camprv,supports_iPad
com.tourlandish.Tourlandish,supports_iPad
com.tripdesigner,supports_iPad
com.app.framey,supports_iPad
com.gow.app,supports_iPad
com.busexpertapp.uswest.denver,supports_iPad
com.londonandpartners.londonguide,supports_iPad
com.hoptale.ios,supports_iPad
com.passporterapp.passporter,supports_iPad
llc.fabricate.remainders,supports_iPad
com.intheflow.app,supports_iPad
com.modesittsoftware.RoadTripPlanner,supports_iPad
com.tnx.packed,supports_iPad
com.circlegate.transit,supports_iPad
com.myapp.app2sdfgsgd,supports_iPad
com.buzzhives.TripPlanner,supports_iPad
com.travelerbuddy.app,supports_iPad
com.ngoc.travel,supports_iPad
mintwoobi.exnote-travel,supports_iPad
com.maposcope.MaposcopeRoutePlanner,supports_iPad
com.travi.app,supports_iPad
com.gypsyguide,supports_iPad
com.travelboast.travelboast,supports_iPad
net.drinkpoint.Packpoint,supports_iPad
com.offlinemaps.gps.map2023,supports_iPad
com.atour.guide,supports_iPad
org.bart.bartApp,supports_iPad
com.mombo.print,supports_iPad
com.tripbffllc.Travely,supports_iPad
mcm.Distance-Tool,supports_iPad
com.keinois.PrettyProgressApp,supports_iPad
com.despegar.despegar,supports_iPad
com.collinorear.EV-Companion,supports_iPad
com.wander.com.app,supports_iPad
com.rvparky.rvparky,supports_iPad
com.flighthub,supports_iPad
ninja.rail.firebird,supports_iPad
com.bodunov.galileo,supports_iPad
dev.omnivision.roamaround.ios,supports_iPad
com.Badger.badger,supports_iPad
com.exoticca.ios,supports_iPad
com.cvz.dailytracker.premium,supports_iPad
com.alexia.amigoapp,supports_iPad
net.chargeway.chargeway,supports_iPad
com.prostachki.beenmap,supports_iPad
tech.calstephens.PhotoMap,supports_iPad
info.mta.mymta,supports_iPad
com.voyagegames.WeatherRoute,supports_iPad
travel.firebird.app,supports_iPad
com.mdv.MVVCompanion,supports_iPad
kovacs.andras.Trip-Planner,supports_iPad
app.tripsy.ios,supports_Mac
com.bodunov.GalileoPro,supports_Mac
mcm.Distance-Tool,supports_Mac
com.bodunov.galileo,supports_Mac
