"id","appId","title","url","description","icon","genres","genreIds","primaryGenre","primaryGenreId","contentRating","languages","size","requiredOsVersion","released","updated","releaseNotes","version","price","currency","free","developerId","developer","developerUrl","developerWebsite","score","reviews","currentVersionScore","currentVersionReviews","screenshots","ipadScreenshots","appletvScreenshots","supportedDevices"
6467118622,"com.africell.afritvangola","AfriTV","https://apps.apple.com/ao/app/afritv/id6467118622?uo=4","Entretenimento Ilimitado, sem custo de subscrição
A AfriTV veio revolucionar a sua experiência televisiva ao conceder-lhe acesso gratuito e ilimitado a uma variedade de conteúdo televisivo sem qualquer custo de subscrição. 

Assista em Qualquer Lugar, subscrição simples
Descubra a liberdade de desfrutar da AfriTV em qualquer lugar, em qualquer momento. O Nosso processo de subscrição garante que tenha acesso aos seus canais favoritos sem esforço, independentemente da sua localização. O entretenimento nunca foi tão acessível!

Abundância de Canais Televisivos, qualidade inegualável
Explore uma ampla selecção de canais que atendem a todos os gostos e preferências. A AfriTV garante uma experiência de streaming de alta qualidade, trazendo visuais nítidos e entretenimento envolvente como nunca antes visto.

Velocidade de internet Africell ultra rápida
Experimente a velocidade ultra rápida da internet Africell com a AfriTV, através da transmissão contínua dos programas televisivos e filmes. Diga olá a visualização sem interrupções!

A Sua Televisão, a sua maneira
Desfrute da flexibilidade de assistir os seus conteúdos favoritos em qualquer lugar, a qualquer hora com a rede de alta velocidade da Africell. 

A AfriTV oferece-lhe a possibilidade de personalizar a sua experiência de visualização e permanecer conectado ao seu mundo de entretenimento.","https://is1-ssl.mzstatic.com/image/thumb/Purple126/v4/ae/97/5c/ae975c9d-a86c-2a6f-cd5b-12c53952869a/AppIcon-0-1x_U007emarketing-0-7-0-0-0-85-220-0.png/512x512bb.jpg","[""Entertainment""]","[""6016""]","Entertainment",6016,"12+","[""EN"",""PT""]","29776896","12.0","2023-12-11T08:00:00Z","2023-12-19T08:43:03Z","• Suporte para iOS 17
• Correções de bugs e melhorias","10.3.2",0,"USD",true,1693781330,"AFRICELL ANGOLA, S.A.","https://apps.apple.com/ao/developer/africell-angola-s-a/id1693781330?uo=4","https://www.africell.ao",4,7,4,7,"[""https://is1-ssl.mzstatic.com/image/thumb/PurpleSource116/v4/b2/56/57/b2565770-4e6b-1b23-a4cc-6520abe14c34/3a3e5cfd-ffce-49d8-b855-a329db2846ea_Simulator_Screenshot_-_iPhone_8_Plus_-_2023-09-21_at_09.31.49.png/392x696bb.png"",""https://is1-ssl.mzstatic.com/image/thumb/PurpleSource116/v4/60/65/c9/6065c9e8-defb-2b5a-28bb-e1e961d49a68/9a8fedd4-ede5-4084-af5a-0e36acdd51b1_Simulator_Screenshot_-_iPhone_8_Plus_-_2023-09-21_at_09.31.56.png/392x696bb.png"",""https://is1-ssl.mzstatic.com/image/thumb/PurpleSource126/v4/ff/e0/eb/ffe0eb3a-d7d5-05eb-0557-e0e3d2c5e49e/3da8ef74-6efd-4a88-90b6-a29b5793d92e_Simulator_Screenshot_-_iPhone_8_Plus_-_2023-09-21_at_09.32.02.png/392x696bb.png"",""https://is1-ssl.mzstatic.com/image/thumb/PurpleSource116/v4/e4/da/02/e4da02b5-283f-1e24-6eba-520e0c4663be/46d05062-ed9a-4d24-9cc7-1e79a1c80685_Simulator_Screenshot_-_iPhone_8_Plus_-_2023-09-21_at_09.32.30.png/406x228bb.png""]","[""https://is1-ssl.mzstatic.com/image/thumb/PurpleSource116/v4/5c/a9/4a/5ca94a33-05e2-3392-b04c-7fe6189837d5/446fa68c-fad7-4250-b197-aa969c99a067_Simulator_Screenshot_-_iPad_Pro__U002812.9-inch_U0029__U00282nd_generation_U0029_-_2023-09-21_at_09.57.23.png/552x414bb.png"",""https://is1-ssl.mzstatic.com/image/thumb/PurpleSource116/v4/68/50/74/68507431-4aaa-4a33-8869-e64df2f89cec/4f062e98-bf72-48fd-bd04-bdbd0b54b47e_Simulator_Screenshot_-_iPad_Pro__U002812.9-inch_U0029__U00282nd_generation_U0029_-_2023-09-21_at_09.57.33.png/552x414bb.png"",""https://is1-ssl.mzstatic.com/image/thumb/PurpleSource116/v4/b1/a6/e0/b1a6e0e1-39b8-e629-19ad-bfbcb7dced02/085d3b66-16ff-4df1-ba1f-2d6e4f57aad3_Simulator_Screenshot_-_iPad_Pro__U002812.9-inch_U0029__U00282nd_generation_U0029_-_2023-09-21_at_09.57.37.png/552x414bb.png"",""https://is1-ssl.mzstatic.com/image/thumb/PurpleSource126/v4/20/42/5e/20425edb-5a8f-2864-ce1d-b4a0f27c0510/518ca636-1e97-40bb-a9c4-5aa3d1592b25_Simulator_Screenshot_-_iPad_Pro__U002812.9-inch_U0029__U00282nd_generation_U0029_-_2023-09-21_at_09.58.01.png/552x414bb.png""]","[]","[""iPhone5s-iPhone5s"",""iPadAir-iPadAir"",""iPadAirCellular-iPadAirCellular"",""iPadMiniRetina-iPadMiniRetina"",""iPadMiniRetinaCellular-iPadMiniRetinaCellular"",""iPhone6-iPhone6"",""iPhone6Plus-iPhone6Plus"",""iPadAir2-iPadAir2"",""iPadAir2Cellular-iPadAir2Cellular"",""iPadMini3-iPadMini3"",""iPadMini3Cellular-iPadMini3Cellular"",""iPodTouchSixthGen-iPodTouchSixthGen"",""iPhone6s-iPhone6s"",""iPhone6sPlus-iPhone6sPlus"",""iPadMini4-iPadMini4"",""iPadMini4Cellular-iPadMini4Cellular"",""iPadPro-iPadPro"",""iPadProCellular-iPadProCellular"",""iPadPro97-iPadPro97"",""iPadPro97Cellular-iPadPro97Cellular"",""iPhoneSE-iPhoneSE"",""iPhone7-iPhone7"",""iPhone7Plus-iPhone7Plus"",""iPad611-iPad611"",""iPad612-iPad612"",""iPad71-iPad71"",""iPad72-iPad72"",""iPad73-iPad73"",""iPad74-iPad74"",""iPhone8-iPhone8"",""iPhone8Plus-iPhone8Plus"",""iPhoneX-iPhoneX"",""iPad75-iPad75"",""iPad76-iPad76"",""iPhoneXS-iPhoneXS"",""iPhoneXSMax-iPhoneXSMax"",""iPhoneXR-iPhoneXR"",""iPad812-iPad812"",""iPad834-iPad834"",""iPad856-iPad856"",""iPad878-iPad878"",""iPadMini5-iPadMini5"",""iPadMini5Cellular-iPadMini5Cellular"",""iPadAir3-iPadAir3"",""iPadAir3Cellular-iPadAir3Cellular"",""iPodTouchSeventhGen-iPodTouchSeventhGen"",""iPhone11-iPhone11"",""iPhone11Pro-iPhone11Pro"",""iPadSeventhGen-iPadSeventhGen"",""iPadSeventhGenCellular-iPadSeventhGenCellular"",""iPhone11ProMax-iPhone11ProMax"",""iPhoneSESecondGen-iPhoneSESecondGen"",""iPadProSecondGen-iPadProSecondGen"",""iPadProSecondGenCellular-iPadProSecondGenCellular"",""iPadProFourthGen-iPadProFourthGen"",""iPadProFourthGenCellular-iPadProFourthGenCellular"",""iPhone12Mini-iPhone12Mini"",""iPhone12-iPhone12"",""iPhone12Pro-iPhone12Pro"",""iPhone12ProMax-iPhone12ProMax"",""iPadAir4-iPadAir4"",""iPadAir4Cellular-iPadAir4Cellular"",""iPadEighthGen-iPadEighthGen"",""iPadEighthGenCellular-iPadEighthGenCellular"",""iPadProThirdGen-iPadProThirdGen"",""iPadProThirdGenCellular-iPadProThirdGenCellular"",""iPadProFifthGen-iPadProFifthGen"",""iPadProFifthGenCellular-iPadProFifthGenCellular"",""iPhone13Pro-iPhone13Pro"",""iPhone13ProMax-iPhone13ProMax"",""iPhone13Mini-iPhone13Mini"",""iPhone13-iPhone13"",""iPadMiniSixthGen-iPadMiniSixthGen"",""iPadMiniSixthGenCellular-iPadMiniSixthGenCellular"",""iPadNinthGen-iPadNinthGen"",""iPadNinthGenCellular-iPadNinthGenCellular"",""iPhoneSEThirdGen-iPhoneSEThirdGen"",""iPadAirFifthGen-iPadAirFifthGen"",""iPadAirFifthGenCellular-iPadAirFifthGenCellular"",""iPhone14-iPhone14"",""iPhone14Plus-iPhone14Plus"",""iPhone14Pro-iPhone14Pro"",""iPhone14ProMax-iPhone14ProMax"",""iPadTenthGen-iPadTenthGen"",""iPadTenthGenCellular-iPadTenthGenCellular"",""iPadPro11FourthGen-iPadPro11FourthGen"",""iPadPro11FourthGenCellular-iPadPro11FourthGenCellular"",""iPadProSixthGen-iPadProSixthGen"",""iPadProSixthGenCellular-iPadProSixthGenCellular"",""iPhone15-iPhone15"",""iPhone15Plus-iPhone15Plus"",""iPhone15Pro-iPhone15Pro"",""iPhone15ProMax-iPhone15ProMax""]"
1433675921,"com.sibsint.mcxwallet","MULTICAIXA Express","https://apps.apple.com/ao/app/multicaixa-express/id1433675921?uo=4","Canal que dá a possibilidade ao utente de um cartão de débito MULTICAIXA, de efectuar transacções de pagamentos disponíveis na rede MULTICAIXA.

Para mais informações sobre:
1 - Como aderir, clique aqui: https://www.youtube.com/watch?v=3PZ0aty6r78

2 - Como adicionar mais cartões, clique aqui: https://www.youtube.com/watch?v=BSWsqqRDqq4

3- Linha de Apoio: 
                              Email: suporte.mcxexpress@emis.co.ao
                              Telemóveis: (+224) 222641840 ou 923168840","https://is1-ssl.mzstatic.com/image/thumb/Purple126/v4/84/07/fe/8407fe0a-68a4-040d-1131-2311246cbaa8/AppIcon-1x_U007emarketing-0-7-0-85-220.png/512x512bb.jpg","[""Finance""]","[""6015""]","Finance",6015,"4+","[]","123927552","8.0","2019-03-22T16:18:23Z","2023-07-14T14:47:22Z","Melhoria na Experiência do Utilizador no processo de compras online","11.5.1",0,"USD",true,1433675470,"EMIS, S.A","https://apps.apple.com/ao/developer/emis-s-a/id1433675470?uo=4","https://youtu.be/y9aD6LWgn1M",3.58116,1879,3.58116,1879,"[""https://is1-ssl.mzstatic.com/image/thumb/Purple115/v4/23/a9/63/23a96333-5d23-ef59-9c7a-913cf770c77a/8fde7203-60bb-4a61-ae61-dae49ffe33bf_screenshot-1.jpg/392x696bb.jpg"",""https://is1-ssl.mzstatic.com/image/thumb/Purple125/v4/11/5e/ac/115eacd3-de65-c2eb-60b0-b11c84b15c63/24b48c10-a849-4361-8770-6fed3e7c87aa_screenshot-3.jpg/392x696bb.jpg"",""https://is1-ssl.mzstatic.com/image/thumb/Purple115/v4/9e/ed/b5/9eedb52f-4300-53d4-f0fd-82cfe44b72d0/24a0c65e-8f9b-4ec9-966d-5be5b9f3c14f_screenshot-3__U00283_U0029.jpg/392x696bb.jpg"",""https://is1-ssl.mzstatic.com/image/thumb/Purple115/v4/b7/e8/84/b7e8845f-aa56-c7f3-d580-4389954ea660/e43b7127-8772-45b0-a2e9-82cf5a0223fc_screenshot-4__U00281_U0029.jpg/392x696bb.jpg"",""https://is1-ssl.mzstatic.com/image/thumb/Purple125/v4/7f/8b/90/7f8b9062-89e8-0177-53f7-3a26a3c21b2d/fbd6ce64-51ce-42a1-bdeb-6e71747a610a_screenshot-5.jpg/392x696bb.jpg"",""https://is1-ssl.mzstatic.com/image/thumb/PurpleSource115/v4/37/90/96/37909668-0b63-5d80-9f1d-25c19c3c2d36/2831e15b-d560-48d1-93de-acb00a69d67f_screenshot-3__U00284_U0029.jpg/392x696bb.jpg"",""https://is1-ssl.mzstatic.com/image/thumb/Purple125/v4/2b/01/8e/2b018e24-eb05-3c11-3bb9-22e44b4b9771/b654422a-a35b-4f11-baa6-cf00c7889f35_screenshot-6.jpg/392x696bb.jpg"",""https://is1-ssl.mzstatic.com/image/thumb/Purple115/v4/43/d4/95/43d49523-3bd3-3b11-ad68-d52315999a56/5a7443b9-e52b-4a61-94ef-d3e1796e0094_screenshot-5__U00281_U0029.jpg/392x696bb.jpg"",""https://is1-ssl.mzstatic.com/image/thumb/Purple115/v4/78/65/49/786549ff-4c14-82c8-0c37-597640941671/3b22ab64-8f58-4ab3-a6ab-5e7e547c2d3f_screenshot-9.jpg/392x696bb.jpg"",""https://is1-ssl.mzstatic.com/image/thumb/Purple115/v4/f1/1f/72/f11f7221-c968-4ded-1393-0843b0c8c00d/9e26cf7e-8c95-4525-bed5-23b302cf3c5c_screenshot-3__U00283_U0029.jpg/392x696bb.jpg""]","[]","[]","[""iPhone5s-iPhone5s"",""iPadAir-iPadAir"",""iPadAirCellular-iPadAirCellular"",""iPadMiniRetina-iPadMiniRetina"",""iPadMiniRetinaCellular-iPadMiniRetinaCellular"",""iPhone6-iPhone6"",""iPhone6Plus-iPhone6Plus"",""iPadAir2-iPadAir2"",""iPadAir2Cellular-iPadAir2Cellular"",""iPadMini3-iPadMini3"",""iPadMini3Cellular-iPadMini3Cellular"",""iPodTouchSixthGen-iPodTouchSixthGen"",""iPhone6s-iPhone6s"",""iPhone6sPlus-iPhone6sPlus"",""iPadMini4-iPadMini4"",""iPadMini4Cellular-iPadMini4Cellular"",""iPadPro-iPadPro"",""iPadProCellular-iPadProCellular"",""iPadPro97-iPadPro97"",""iPadPro97Cellular-iPadPro97Cellular"",""iPhoneSE-iPhoneSE"",""iPhone7-iPhone7"",""iPhone7Plus-iPhone7Plus"",""iPad611-iPad611"",""iPad612-iPad612"",""iPad71-iPad71"",""iPad72-iPad72"",""iPad73-iPad73"",""iPad74-iPad74"",""iPhone8-iPhone8"",""iPhone8Plus-iPhone8Plus"",""iPhoneX-iPhoneX"",""iPad75-iPad75"",""iPad76-iPad76"",""iPhoneXS-iPhoneXS"",""iPhoneXSMax-iPhoneXSMax"",""iPhoneXR-iPhoneXR"",""iPad812-iPad812"",""iPad834-iPad834"",""iPad856-iPad856"",""iPad878-iPad878"",""iPadMini5-iPadMini5"",""iPadMini5Cellular-iPadMini5Cellular"",""iPadAir3-iPadAir3"",""iPadAir3Cellular-iPadAir3Cellular"",""iPodTouchSeventhGen-iPodTouchSeventhGen"",""iPhone11-iPhone11"",""iPhone11Pro-iPhone11Pro"",""iPadSeventhGen-iPadSeventhGen"",""iPadSeventhGenCellular-iPadSeventhGenCellular"",""iPhone11ProMax-iPhone11ProMax"",""iPhoneSESecondGen-iPhoneSESecondGen"",""iPadProSecondGen-iPadProSecondGen"",""iPadProSecondGenCellular-iPadProSecondGenCellular"",""iPadProFourthGen-iPadProFourthGen"",""iPadProFourthGenCellular-iPadProFourthGenCellular"",""iPhone12Mini-iPhone12Mini"",""iPhone12-iPhone12"",""iPhone12Pro-iPhone12Pro"",""iPhone12ProMax-iPhone12ProMax"",""iPadAir4-iPadAir4"",""iPadAir4Cellular-iPadAir4Cellular"",""iPadEighthGen-iPadEighthGen"",""iPadEighthGenCellular-iPadEighthGenCellular"",""iPadProThirdGen-iPadProThirdGen"",""iPadProThirdGenCellular-iPadProThirdGenCellular"",""iPadProFifthGen-iPadProFifthGen"",""iPadProFifthGenCellular-iPadProFifthGenCellular"",""iPhone13Pro-iPhone13Pro"",""iPhone13ProMax-iPhone13ProMax"",""iPhone13Mini-iPhone13Mini"",""iPhone13-iPhone13"",""iPadMiniSixthGen-iPadMiniSixthGen"",""iPadMiniSixthGenCellular-iPadMiniSixthGenCellular"",""iPadNinthGen-iPadNinthGen"",""iPadNinthGenCellular-iPadNinthGenCellular"",""iPhoneSEThirdGen-iPhoneSEThirdGen"",""iPadAirFifthGen-iPadAirFifthGen"",""iPadAirFifthGenCellular-iPadAirFifthGenCellular"",""iPhone14-iPhone14"",""iPhone14Plus-iPhone14Plus"",""iPhone14Pro-iPhone14Pro"",""iPhone14ProMax-iPhone14ProMax"",""iPadTenthGen-iPadTenthGen"",""iPadTenthGenCellular-iPadTenthGenCellular"",""iPadPro11FourthGen-iPadPro11FourthGen"",""iPadPro11FourthGenCellular-iPadPro11FourthGenCellular"",""iPadProSixthGen-iPadProSixthGen"",""iPadProSixthGenCellular-iPadProSixthGenCellular"",""iPhone15-iPhone15"",""iPhone15Plus-iPhone15Plus"",""iPhone15Pro-iPhone15Pro"",""iPhone15ProMax-iPhone15ProMax""]"
835599320,"com.zhiliaoapp.musically","TikTok - Videos, Music & LIVE","https://apps.apple.com/ao/app/tiktok-videos-music-live/id835599320?uo=4","Discover videos from around the world and create your own with easy-to-use tools to capture your life. 

From your morning coffee to your evening commute, TikTok has the videos to make your day. Whether you’re a sports fanatic, a travel lover or simply looking for a laugh, there’s something for everyone on TikTok. Enjoy an endless stream of short videos on things you love most. Watch what you like, skip what you don’t. 
 
WATCH
A personalised video feed based on what you watch, like, and share. TikTok offers you real, interesting, and fun videos that will make your day.  You'll find a variety of videos from Food and Fashion to Sports and DIY - and everything in between.

 
CREATE
Pause and resume your video with just a tap. As many times as you need.
Millions of creators on TikTok showcase their incredible skills and every day life. Let yourself be inspired.
 
ENTERTAIN
Be entertained and inspired by a global community of creators.

Take video creation to the next level with special effects, filters, music, and more. Unlock filters, effects, and AR objects to take your videos to the next level.
 
CUSTOMISE
Our integrated editing tools allow you to easily edit your videos.
Trim, cut, merge and duplicate video clips without leaving the app.
 
ADD MUSIC
Add your favorite sound to your videos with millions of music clips and sounds. 
We curate music and sound playlists for you with the hottest tracks in every genre, including Hip Hop, EM, Pop, Rock, Rap, and Country, and the most viral original sounds.

Obtain access to LIVE benefits to better interact with hosts!
Choose between a one-month subscription or auto-renewal subscription to enjoy special LIVE benefits (currently only available in limited regions)

Note: 
If you subscribe via Apple, payment will be charged to App Store Account at confirmation of purchase. Subscription automatically renews unless auto-renew is turned off at least 24 hours before the end of the current period. Account will be charged for renewal within 24 hours prior to the end of the current period at the rate of the selected plan. Subscriptions and auto-renewal may be managed by going to Account Settings after purchase.

Terms of Service —
https://www.tiktok.com/legal/terms-of-service

Privacy Policy —
https://www.tiktok.com/legal/privacy-policy","https://is1-ssl.mzstatic.com/image/thumb/Purple112/v4/47/51/9a/47519a66-d473-aa08-645b-4667986554f5/AppIcon_TikTok-0-0-1x_U007emarketing-0-0-0-7-0-0-sRGB-0-0-0-GLES2_U002c0-512MB-85-220-0-0.png/512x512bb.jpg","[""Entertainment"",""Photo & Video""]","[""6016"",""6008""]","Entertainment",6016,"12+","[""SQ"",""AR"",""BN"",""BG"",""MY"",""KM"",""CA"",""HR"",""CS"",""DA"",""NL"",""EN"",""ET"",""FI"",""FR"",""DE"",""EL"",""HE"",""HI"",""HU"",""IS"",""ID"",""GA"",""IT"",""JA"",""JV"",""KK"",""KO"",""LV"",""LT"",""MS"",""NB"",""PL"",""PT"",""RO"",""RU"",""ZH"",""SK"",""SL"",""ES"",""SW"",""SV"",""TH"",""ZH"",""TR"",""UK"",""UR"",""UZ"",""VI""]","415363072","12.0","2014-04-02T22:44:45Z","2024-03-12T07:09:16Z","We've made it even easier to shoot videos!","33.8.0",0,"USD",true,1322881000,"TikTok Ltd.","https://apps.apple.com/ao/developer/tiktok-ltd/id1322881000?uo=4","http://www.tiktok.com",4.69792,64162,4.69792,64162,"[""https://is1-ssl.mzstatic.com/image/thumb/Purple116/v4/b7/34/25/b7342536-68a0-f778-e24e-24ccfec19d6c/60a70355-5545-4f27-b55a-17f8be65910f__U753b_U677f_7.jpg/392x696bb.jpg"",""https://is1-ssl.mzstatic.com/image/thumb/PurpleSource116/v4/5d/20/e7/5d20e7ff-643e-2cc5-7485-222b65aa26ba/6722935e-17c7-4bd3-8d96-2cac6f67da3e_1.jpg/392x696bb.jpg"",""https://is1-ssl.mzstatic.com/image/thumb/PurpleSource116/v4/c5/ab/5f/c5ab5fe8-77f6-4371-b164-b39baa71e3ee/35da9d18-15d4-4f8d-b9fb-30023d767681_2.jpg/392x696bb.jpg"",""https://is1-ssl.mzstatic.com/image/thumb/PurpleSource116/v4/c1/e1/a2/c1e1a2ae-5ce3-4413-4a0f-71e7c4262625/f4cbff9b-44d1-4dd3-ae5b-1e0aad62328d_3.jpg/392x696bb.jpg"",""https://is1-ssl.mzstatic.com/image/thumb/PurpleSource116/v4/ad/50/6e/ad506e7e-f25a-44af-de11-14c38f053f77/78c5574d-a1dd-4d18-aa78-825931698eaa_4.jpg/392x696bb.jpg"",""https://is1-ssl.mzstatic.com/image/thumb/PurpleSource126/v4/43/9a/be/439abe05-e91b-2e5a-aaa7-13d945d1da58/da169455-1b9b-4fa0-8bb2-d1e2d0dc81a8_5.jpg/392x696bb.jpg""]","[""https://is1-ssl.mzstatic.com/image/thumb/PurpleSource116/v4/95/2e/ca/952eca6d-cffe-4fe1-e3c9-a7a7659e56f8/db2f0a01-028f-4159-bb7f-8719b149c071_1.-cake-white.jpg/576x768bb.jpg"",""https://is1-ssl.mzstatic.com/image/thumb/PurpleSource126/v4/a6/09/d5/a609d5a7-384f-ef98-dd4e-5a9086042825/4ab1f1f0-0316-4039-90f6-9ce710b62fee_2.-avocado-white.jpg/576x768bb.jpg"",""https://is1-ssl.mzstatic.com/image/thumb/PurpleSource116/v4/28/63/2c/28632ca9-c2a3-d8cd-8d5d-26e0da3c786b/17c84012-41cc-4d16-8606-628e3686c344_3.-smile-white.jpg/576x768bb.jpg"",""https://is1-ssl.mzstatic.com/image/thumb/PurpleSource126/v4/b4/96/62/b49662a4-05f3-2c06-b9f3-0ad2ac590865/01d3d8e2-1f1b-4a18-b42d-b9a6407afdf7_4.-ski-white.jpg/576x768bb.jpg""]","[]","[""iPhone5s-iPhone5s"",""iPadAir-iPadAir"",""iPadAirCellular-iPadAirCellular"",""iPadMiniRetina-iPadMiniRetina"",""iPadMiniRetinaCellular-iPadMiniRetinaCellular"",""iPhone6-iPhone6"",""iPhone6Plus-iPhone6Plus"",""iPadAir2-iPadAir2"",""iPadAir2Cellular-iPadAir2Cellular"",""iPadMini3-iPadMini3"",""iPadMini3Cellular-iPadMini3Cellular"",""iPodTouchSixthGen-iPodTouchSixthGen"",""iPhone6s-iPhone6s"",""iPhone6sPlus-iPhone6sPlus"",""iPadMini4-iPadMini4"",""iPadMini4Cellular-iPadMini4Cellular"",""iPadPro-iPadPro"",""iPadProCellular-iPadProCellular"",""iPadPro97-iPadPro97"",""iPadPro97Cellular-iPadPro97Cellular"",""iPhoneSE-iPhoneSE"",""iPhone7-iPhone7"",""iPhone7Plus-iPhone7Plus"",""iPad611-iPad611"",""iPad612-iPad612"",""iPad71-iPad71"",""iPad72-iPad72"",""iPad73-iPad73"",""iPad74-iPad74"",""iPhone8-iPhone8"",""iPhone8Plus-iPhone8Plus"",""iPhoneX-iPhoneX"",""iPad75-iPad75"",""iPad76-iPad76"",""iPhoneXS-iPhoneXS"",""iPhoneXSMax-iPhoneXSMax"",""iPhoneXR-iPhoneXR"",""iPad812-iPad812"",""iPad834-iPad834"",""iPad856-iPad856"",""iPad878-iPad878"",""iPadMini5-iPadMini5"",""iPadMini5Cellular-iPadMini5Cellular"",""iPadAir3-iPadAir3"",""iPadAir3Cellular-iPadAir3Cellular"",""iPodTouchSeventhGen-iPodTouchSeventhGen"",""iPhone11-iPhone11"",""iPhone11Pro-iPhone11Pro"",""iPadSeventhGen-iPadSeventhGen"",""iPadSeventhGenCellular-iPadSeventhGenCellular"",""iPhone11ProMax-iPhone11ProMax"",""iPhoneSESecondGen-iPhoneSESecondGen"",""iPadProSecondGen-iPadProSecondGen"",""iPadProSecondGenCellular-iPadProSecondGenCellular"",""iPadProFourthGen-iPadProFourthGen"",""iPadProFourthGenCellular-iPadProFourthGenCellular"",""iPhone12Mini-iPhone12Mini"",""iPhone12-iPhone12"",""iPhone12Pro-iPhone12Pro"",""iPhone12ProMax-iPhone12ProMax"",""iPadAir4-iPadAir4"",""iPadAir4Cellular-iPadAir4Cellular"",""iPadEighthGen-iPadEighthGen"",""iPadEighthGenCellular-iPadEighthGenCellular"",""iPadProThirdGen-iPadProThirdGen"",""iPadProThirdGenCellular-iPadProThirdGenCellular"",""iPadProFifthGen-iPadProFifthGen"",""iPadProFifthGenCellular-iPadProFifthGenCellular"",""iPhone13Pro-iPhone13Pro"",""iPhone13ProMax-iPhone13ProMax"",""iPhone13Mini-iPhone13Mini"",""iPhone13-iPhone13"",""iPadMiniSixthGen-iPadMiniSixthGen"",""iPadMiniSixthGenCellular-iPadMiniSixthGenCellular"",""iPadNinthGen-iPadNinthGen"",""iPadNinthGenCellular-iPadNinthGenCellular"",""iPhoneSEThirdGen-iPhoneSEThirdGen"",""iPadAirFifthGen-iPadAirFifthGen"",""iPadAirFifthGenCellular-iPadAirFifthGenCellular"",""iPhone14-iPhone14"",""iPhone14Plus-iPhone14Plus"",""iPhone14Pro-iPhone14Pro"",""iPhone14ProMax-iPhone14ProMax"",""iPadTenthGen-iPadTenthGen"",""iPadTenthGenCellular-iPadTenthGenCellular"",""iPadPro11FourthGen-iPadPro11FourthGen"",""iPadPro11FourthGenCellular-iPadPro11FourthGenCellular"",""iPadProSixthGen-iPadProSixthGen"",""iPadProSixthGenCellular-iPadProSixthGenCellular"",""iPhone15-iPhone15"",""iPhone15Plus-iPhone15Plus"",""iPhone15Pro-iPhone15Pro"",""iPhone15ProMax-iPhone15ProMax""]"
310633997,"net.whatsapp.WhatsApp","WhatsApp Messenger","https://apps.apple.com/ao/app/whatsapp-messenger/id310633997?uo=4","WhatsApp from Meta is a FREE messaging and video calling app. It’s used by over 2B people in more than 180 countries. It’s simple, reliable, and private, so you can easily keep in touch with your friends and family. WhatsApp works across mobile and desktop even on slow connections, with no subscription fees*.

Private messaging across the world

Your personal messages and calls to friends and family are end-to-end encrypted. No one outside of your chats, not even WhatsApp, can read or listen to them.

Simple and secure connections, right away

All you need is your phone number, no user names or logins. You can quickly view your contacts who are on WhatsApp and start messaging.

High quality voice and video calls

Make secure video and voice calls with up to 8 people for free*. Your calls work across mobile devices using your phone’s Internet service, even on slow connections.

Group chats to keep you in contact

Stay in touch with your friends and family. End-to-end encrypted group chats let you share messages, photos, videos and documents across mobile and desktop.

Stay connected in real time

Share your location with only those in your individual or group chat, and stop sharing at any time. Or record a voice message to connect quickly.

Share daily moments through Status

Status allows you to share text, photos, video and GIF updates that disappear after 24 hours. You can choose to share status posts with all your contacts or just selected ones.


*Data charges may apply. Contact your provider for details.

---------------------------------------------------------

If you have any feedback or questions, please go to WhatsApp > Settings > Help > Contact Us","https://is1-ssl.mzstatic.com/image/thumb/Purple211/v4/d8/a7/75/d8a7757e-7c5e-7b22-15b8-ac5ecef09107/AppIcon-0-1x_U007emarketing-0-6-0-0-0-85-220-0.png/512x512bb.jpg","[""Social Networking"",""Utilities""]","[""6005"",""6002""]","Social Networking",6005,"12+","[""AR"",""BN"",""CA"",""HR"",""CS"",""DA"",""NL"",""EN"",""FI"",""FR"",""DE"",""EL"",""GU"",""HE"",""HI"",""HU"",""ID"",""GA"",""IT"",""JA"",""KO"",""MS"",""MR"",""NB"",""FA"",""PL"",""PT"",""RO"",""RU"",""ZH"",""SK"",""ES"",""SV"",""TH"",""ZH"",""TR"",""UK"",""UR"",""VI""]","208598016","12.0","2011-10-14T19:28:42Z","2024-03-11T15:40:57Z","•  Fixed a bug when copying and pasting images.  

 
 These features will roll out over the coming weeks. Thanks for using WhatsApp!","24.5.75",0,"USD",true,310634000,"WhatsApp Inc.","https://apps.apple.com/ao/developer/whatsapp-inc/id310634000?uo=4","http://www.whatsapp.com/",4.36757,89776,4.36757,89776,"[""https://is1-ssl.mzstatic.com/image/thumb/PurpleSource115/v4/bd/14/43/bd144322-7a0c-ac1a-8142-8f7a4e691368/89327ad0-6f69-48ec-8db5-7a5c156af673_0_APP_IPHONE_55_0.png/392x696bb.png"",""https://is1-ssl.mzstatic.com/image/thumb/PurpleSource125/v4/fe/51/f3/fe51f359-1d03-6367-5eed-e0e6e95e4dda/216ff252-871d-408e-b723-8b78ede3b15d_1_APP_IPHONE_55_1.png/392x696bb.png"",""https://is1-ssl.mzstatic.com/image/thumb/PurpleSource115/v4/70/32/e3/7032e37e-1e3d-8393-b927-a7ceb77d70e1/913d35a1-d352-4fea-8715-0ebde7097fb1_2_APP_IPHONE_55_2.png/392x696bb.png"",""https://is1-ssl.mzstatic.com/image/thumb/PurpleSource115/v4/9e/3c/c7/9e3cc760-214f-75f3-54a4-e8803ff41a16/baa11e06-e8f9-4edd-bef0-6df1fe6122e8_3_APP_IPHONE_55_3.png/392x696bb.png"",""https://is1-ssl.mzstatic.com/image/thumb/PurpleSource115/v4/f2/99/40/f299404e-478b-0aff-77f4-89fb899f6d38/c05495c6-601b-4cea-a049-b8ebeee9e762_4_APP_IPHONE_55_4.png/392x696bb.png""]","[]","[]","[""MacDesktop-MacDesktop"",""iPhone5s-iPhone5s"",""iPhone6-iPhone6"",""iPhone6Plus-iPhone6Plus"",""iPhone6s-iPhone6s"",""iPhone6sPlus-iPhone6sPlus"",""iPhoneSE-iPhoneSE"",""iPhone7-iPhone7"",""iPhone7Plus-iPhone7Plus"",""iPhone8-iPhone8"",""iPhone8Plus-iPhone8Plus"",""iPhoneX-iPhoneX"",""iPhoneXS-iPhoneXS"",""iPhoneXSMax-iPhoneXSMax"",""iPhoneXR-iPhoneXR"",""iPhone11-iPhone11"",""iPhone11Pro-iPhone11Pro"",""iPhone11ProMax-iPhone11ProMax"",""iPhoneSESecondGen-iPhoneSESecondGen"",""iPhone12Mini-iPhone12Mini"",""iPhone12-iPhone12"",""iPhone12Pro-iPhone12Pro"",""iPhone12ProMax-iPhone12ProMax"",""iPhone13Pro-iPhone13Pro"",""iPhone13ProMax-iPhone13ProMax"",""iPhone13Mini-iPhone13Mini"",""iPhone13-iPhone13"",""iPhoneSEThirdGen-iPhoneSEThirdGen"",""iPhone14-iPhone14"",""iPhone14Plus-iPhone14Plus"",""iPhone14Pro-iPhone14Pro"",""iPhone14ProMax-iPhone14ProMax"",""iPhone15-iPhone15"",""iPhone15Plus-iPhone15Plus"",""iPhone15Pro-iPhone15Pro"",""iPhone15ProMax-iPhone15ProMax""]"
1500855883,"com.lemon.lvoverseas","CapCut - Photo & Video Editor","https://apps.apple.com/ao/app/capcut-photo-video-editor/id1500855883?uo=4","CapCut is a free all-in-one video editing app that helps you create incredible videos. 

「Easy to use」
Cut, reverse and change speed: getting it just right is easier than ever, posting only your wonderful moments.

 「High quality」
Advanced filters and flawless beauty effects open up a world of possibilities.

「Top Music Hits/Sounding incredible」
Tremendous music library and exclusive copyright songs.

「Stickers and text」
Top trending stickers and fonts let you fully express your videos.

 「Effect」
Get creative with a range of magical effects.

Terms of Service —
https://www.capcut.net/clause/user-agreement?region=gb

Privacy Policy —
https://www.capcut.net/clause/privacy?region=gb

Contact: capcut.support@bytedance.com","https://is1-ssl.mzstatic.com/image/thumb/Purple211/v4/80/56/65/805665ba-0299-220b-7eae-0dbc559327d5/AppIcon-0-0-1x_U007emarketing-0-7-0-85-220.png/512x512bb.jpg","[""Photo & Video""]","[""6008""]","Photo & Video",6008,"12+","[""AR"",""EN"",""FR"",""HE"",""ID"",""IT"",""JA"",""KO"",""MS"",""PL"",""PT"",""RU"",""ZH"",""ES"",""TH"",""ZH"",""TR"",""UK"",""UR"",""VI""]","453538816","12.0","2020-04-14T07:00:00Z","2024-03-13T01:12:08Z","We've introduced and upgraded some features to help you make even more amazing videos
1. Performance and user experience optimizations","11.3.0",0,"USD",true,1497663561,"Bytedance Pte. Ltd","https://apps.apple.com/ao/developer/bytedance-pte-ltd/id1497663561?uo=4","https://www.capcut.com",4.56571,7175,4.56571,7175,"[""https://is1-ssl.mzstatic.com/image/thumb/Purple116/v4/9d/ae/9b/9dae9b84-8ec6-2e5d-215b-2ad917165e26/7321c843-8aeb-40b9-b926-749a78c79fef_11.png/392x696bb.png"",""https://is1-ssl.mzstatic.com/image/thumb/Purple116/v4/5b/ca/47/5bca472e-6cce-930d-445f-c4feca1126ab/93b7377f-cdb1-4a0b-8384-ca5765552a19_22.png/392x696bb.png"",""https://is1-ssl.mzstatic.com/image/thumb/Purple116/v4/4c/46/7f/4c467f0c-07b2-6e69-b0f3-6e9f544eef19/ec90046c-89fa-4aa4-99b9-de0df13aae41_33.png/392x696bb.png"",""https://is1-ssl.mzstatic.com/image/thumb/Purple126/v4/e9/32/fd/e932fd9b-a0c0-91ee-e024-3a6254540e64/d17c4261-2229-44e0-b0a7-2b0a7694df06_44.png/392x696bb.png"",""https://is1-ssl.mzstatic.com/image/thumb/Purple116/v4/3d/d2/5d/3dd25d6b-5251-b3dd-0eca-e27f575e66c5/426ab52a-085f-4e0b-963d-99d47e3b79c1_55.png/392x696bb.png"",""https://is1-ssl.mzstatic.com/image/thumb/Purple116/v4/de/74/79/de747969-f900-06fd-5f5a-506ff41ec4a4/0c1b9e51-0776-4396-98b7-d03ea01e83f0_66.png/392x696bb.png"",""https://is1-ssl.mzstatic.com/image/thumb/Purple126/v4/3f/9c/68/3f9c6829-5ef0-d0b0-e0f5-3b5f4345436b/260e09ce-9bec-4d7a-b2b7-cc4690c2d6db_77.png/392x696bb.png"",""https://is1-ssl.mzstatic.com/image/thumb/Purple116/v4/06/e3/8e/06e38e80-02f6-676f-f5c2-ea2801cb17a5/b5485c89-65a9-459e-a320-5c26445dc178_88.png/392x696bb.png"",""https://is1-ssl.mzstatic.com/image/thumb/Purple126/v4/c4/a5/fd/c4a5fd49-c85a-5515-bbfe-b70b7893bd87/858fd057-17bb-4b7a-b564-947ef8df78fe_99.png/392x696bb.png""]","[""https://is1-ssl.mzstatic.com/image/thumb/Purple126/v4/a3/30/29/a330297c-3851-ada9-9761-a12629a2d90b/4aeecc23-375f-43b6-a7f9-22db069a11ee_img12_92_0_en-GB.jpg/576x768bb.jpg"",""https://is1-ssl.mzstatic.com/image/thumb/Purple126/v4/5a/8f/ec/5a8fecbd-dbf6-24e9-c080-d68f5eb2fda1/01692eed-3533-404d-ade3-63257e28b59b_img12_92_1_en-GB.jpg/576x768bb.jpg"",""https://is1-ssl.mzstatic.com/image/thumb/Purple126/v4/0b/83/8d/0b838d09-0fb8-e041-b542-4e04a53266d3/42334b69-c877-4130-aa87-cdcd3e23af65_img12_92_2_en-GB.jpg/576x768bb.jpg"",""https://is1-ssl.mzstatic.com/image/thumb/Purple126/v4/3a/29/1d/3a291d9b-86d6-b246-d0a3-80788b139b43/1cfe750e-48eb-404b-b471-1d300c79d4f9_img12_92_4_en-GB.jpg/576x768bb.jpg""]","[]","[""MacDesktop-MacDesktop"",""iPhone5s-iPhone5s"",""iPadAir-iPadAir"",""iPadAirCellular-iPadAirCellular"",""iPadMiniRetina-iPadMiniRetina"",""iPadMiniRetinaCellular-iPadMiniRetinaCellular"",""iPhone6-iPhone6"",""iPhone6Plus-iPhone6Plus"",""iPadAir2-iPadAir2"",""iPadAir2Cellular-iPadAir2Cellular"",""iPadMini3-iPadMini3"",""iPadMini3Cellular-iPadMini3Cellular"",""iPodTouchSixthGen-iPodTouchSixthGen"",""iPhone6s-iPhone6s"",""iPhone6sPlus-iPhone6sPlus"",""iPadMini4-iPadMini4"",""iPadMini4Cellular-iPadMini4Cellular"",""iPadPro-iPadPro"",""iPadProCellular-iPadProCellular"",""iPadPro97-iPadPro97"",""iPadPro97Cellular-iPadPro97Cellular"",""iPhoneSE-iPhoneSE"",""iPhone7-iPhone7"",""iPhone7Plus-iPhone7Plus"",""iPad611-iPad611"",""iPad612-iPad612"",""iPad71-iPad71"",""iPad72-iPad72"",""iPad73-iPad73"",""iPad74-iPad74"",""iPhone8-iPhone8"",""iPhone8Plus-iPhone8Plus"",""iPhoneX-iPhoneX"",""iPad75-iPad75"",""iPad76-iPad76"",""iPhoneXS-iPhoneXS"",""iPhoneXSMax-iPhoneXSMax"",""iPhoneXR-iPhoneXR"",""iPad812-iPad812"",""iPad834-iPad834"",""iPad856-iPad856"",""iPad878-iPad878"",""iPadMini5-iPadMini5"",""iPadMini5Cellular-iPadMini5Cellular"",""iPadAir3-iPadAir3"",""iPadAir3Cellular-iPadAir3Cellular"",""iPodTouchSeventhGen-iPodTouchSeventhGen"",""iPhone11-iPhone11"",""iPhone11Pro-iPhone11Pro"",""iPadSeventhGen-iPadSeventhGen"",""iPadSeventhGenCellular-iPadSeventhGenCellular"",""iPhone11ProMax-iPhone11ProMax"",""iPhoneSESecondGen-iPhoneSESecondGen"",""iPadProSecondGen-iPadProSecondGen"",""iPadProSecondGenCellular-iPadProSecondGenCellular"",""iPadProFourthGen-iPadProFourthGen"",""iPadProFourthGenCellular-iPadProFourthGenCellular"",""iPhone12Mini-iPhone12Mini"",""iPhone12-iPhone12"",""iPhone12Pro-iPhone12Pro"",""iPhone12ProMax-iPhone12ProMax"",""iPadAir4-iPadAir4"",""iPadAir4Cellular-iPadAir4Cellular"",""iPadEighthGen-iPadEighthGen"",""iPadEighthGenCellular-iPadEighthGenCellular"",""iPadProThirdGen-iPadProThirdGen"",""iPadProThirdGenCellular-iPadProThirdGenCellular"",""iPadProFifthGen-iPadProFifthGen"",""iPadProFifthGenCellular-iPadProFifthGenCellular"",""iPhone13Pro-iPhone13Pro"",""iPhone13ProMax-iPhone13ProMax"",""iPhone13Mini-iPhone13Mini"",""iPhone13-iPhone13"",""iPadMiniSixthGen-iPadMiniSixthGen"",""iPadMiniSixthGenCellular-iPadMiniSixthGenCellular"",""iPadNinthGen-iPadNinthGen"",""iPadNinthGenCellular-iPadNinthGenCellular"",""iPhoneSEThirdGen-iPhoneSEThirdGen"",""iPadAirFifthGen-iPadAirFifthGen"",""iPadAirFifthGenCellular-iPadAirFifthGenCellular"",""iPhone14-iPhone14"",""iPhone14Plus-iPhone14Plus"",""iPhone14Pro-iPhone14Pro"",""iPhone14ProMax-iPhone14ProMax"",""iPadTenthGen-iPadTenthGen"",""iPadTenthGenCellular-iPadTenthGenCellular"",""iPadPro11FourthGen-iPadPro11FourthGen"",""iPadPro11FourthGenCellular-iPadPro11FourthGenCellular"",""iPadProSixthGen-iPadProSixthGen"",""iPadProSixthGenCellular-iPadProSixthGenCellular"",""iPhone15-iPhone15"",""iPhone15Plus-iPhone15Plus"",""iPhone15Pro-iPhone15Pro"",""iPhone15ProMax-iPhone15ProMax""]"
686449807,"ph.telegra.Telegraph","Telegram Messenger","https://apps.apple.com/ao/app/telegram-messenger/id686449807?uo=4","Pure instant messaging — simple, fast, secure, and synced across all your devices. One of the world's top 10 most downloaded apps with over 800 million active users.

FAST: Telegram is the fastest messaging app on the market, connecting people via a unique, distributed network of data centers around the globe.

SYNCED: You can access your messages from all your phones, tablets and computers at once. Telegram apps are standalone, so you don’t need to keep your phone connected. Start typing on one device and finish the message from another. Never lose your data again.

UNLIMITED: You can send media and files, without any limits on their type and size. Your entire chat history will require no disk space on your device, and will be securely stored in the Telegram cloud for as long as you need it. 

SECURE: We made it our mission to provide the best security combined with ease of use. Everything on Telegram, including chats, groups, media, etc. is encrypted using a combination of 256-bit symmetric AES encryption, 2048-bit RSA encryption, and Diffie–Hellman secure key exchange. 

100% FREE & OPEN: Telegram has a fully documented and free API for developers, open source apps and verifiable builds to prove the app you download is built from the exact same source code that is published. 

POWERFUL: You can create group chats with up to 200,000 members, share large videos, documents of any type (.DOCX, .MP3, .ZIP, etc.) up to 2 GB each, and even set up bots for specific tasks. Telegram is the perfect tool for hosting online communities and coordinating teamwork.

RELIABLE: Built to deliver your messages using as little data as possible, Telegram is the most reliable messaging system ever made. It works even on the weakest mobile connections. 

FUN: Telegram has powerful photo and video editing tools, animated stickers and emoji, fully customizable themes to change the appearance of your app, and an open sticker/GIF platform to cater to all your expressive needs.

SIMPLE: While providing an unprecedented array of features, we take great care to keep the interface clean. Telegram is so simple you already know how to use it.

PRIVATE: We take your privacy seriously and will never give any third parties access to your data. You can delete any message you ever sent or received for both sides, at any time and without a trace. Telegram will never use your data to show you ads.

For those interested in maximum privacy, Telegram offers Secret Chats. Secret Chat messages can be programmed to self-destruct automatically from both participating devices. This way you can send all types of disappearing content — messages, photos, videos, and even files. Secret Chats use End-to-End Encryption to ensure that a message can only be read by its intended recipient.

We keep expanding the boundaries of what you can do with a messaging app. Don’t wait years for older messengers to catch up with Telegram — join the revolution today.

Terms of Service: https://www.apple.com/legal/internet-services/itunes/dev/stdeula","https://is1-ssl.mzstatic.com/image/thumb/Purple112/v4/71/78/b5/7178b53f-d038-836e-617c-70d54d8b1ad1/AppIconLLC-0-0-1x_U007emarketing-0-7-0-0-85-220.png/512x512bb.jpg","[""Social Networking"",""Productivity""]","[""6005"",""6007""]","Social Networking",6005,"17+","[""AR"",""BE"",""CA"",""NL"",""EN"",""FR"",""DE"",""ID"",""IT"",""KO"",""MS"",""FA"",""PL"",""PT"",""RU"",""ES"",""TR"",""UK"",""UZ""]","158901248","12.0","2013-08-14T07:00:00Z","2024-03-09T23:20:12Z","Bug fixes, minor improvements, and more.","10.9.2",0,"USD",true,686450210,"Telegram FZ-LLC","https://apps.apple.com/ao/developer/telegram-fz-llc/id686450210?uo=4",,3.94859,389,3.94859,389,"[""https://is1-ssl.mzstatic.com/image/thumb/Purple116/v4/b1/99/ae/b199ae04-cde7-f283-371f-59d06df51629/pr_source.png/392x696bb.png"",""https://is1-ssl.mzstatic.com/image/thumb/Purple116/v4/3c/a5/b5/3ca5b5f6-f2a3-b50f-f96d-f9ffb7aabfb7/pr_source.png/392x696bb.png"",""https://is1-ssl.mzstatic.com/image/thumb/Purple126/v4/49/eb/7e/49eb7e95-277b-aa83-81d4-abdc5515cae6/pr_source.png/392x696bb.png"",""https://is1-ssl.mzstatic.com/image/thumb/Purple126/v4/6e/ca/11/6eca1123-3328-5049-2962-12503d0550a3/pr_source.png/392x696bb.png"",""https://is1-ssl.mzstatic.com/image/thumb/Purple126/v4/fd/f2/18/fdf218e9-be34-bfdb-3468-6253e6c68561/pr_source.png/392x696bb.png"",""https://is1-ssl.mzstatic.com/image/thumb/Purple126/v4/46/59/36/46593631-59e3-6f3a-ea40-d3083639221b/pr_source.png/392x696bb.png"",""https://is1-ssl.mzstatic.com/image/thumb/Purple126/v4/17/c4/3e/17c43e45-4443-a4e7-6982-0451c278bb5a/pr_source.png/392x696bb.png""]","[""https://is1-ssl.mzstatic.com/image/thumb/PurpleSource126/v4/c6/8e/8b/c68e8bba-7d2e-a1b6-7da1-c742e5c8bc15/9e9511d6-943a-4fb8-91a9-6bc5c801f966_EN_1.png/552x414bb.png"",""https://is1-ssl.mzstatic.com/image/thumb/PurpleSource126/v4/31/34/44/313444fe-2917-ac33-ad3f-fdf930e3b0d4/24005b6e-c508-4fc6-b6a5-daef0be6ed4f_EN_2.png/552x414bb.png"",""https://is1-ssl.mzstatic.com/image/thumb/PurpleSource116/v4/97/c0/e8/97c0e8b2-a4c9-c229-0d7f-31ac80e5d9fa/f9fb5d56-86f4-4c10-aac5-c66ca9a19d2d_EN_3.png/552x414bb.png"",""https://is1-ssl.mzstatic.com/image/thumb/PurpleSource126/v4/eb/1d/42/eb1d42af-67e5-38d2-74a9-b87f19e0e5c0/2202a888-1bed-4782-a71c-78ce810d4403_EN_4.png/552x414bb.png"",""https://is1-ssl.mzstatic.com/image/thumb/PurpleSource126/v4/c2/fd/af/c2fdaf71-d238-3346-fed1-c47123dccbc7/206540a1-feb9-47e8-a213-7c48022f383d_EN_5.png/552x414bb.png"",""https://is1-ssl.mzstatic.com/image/thumb/PurpleSource126/v4/fa/b4/25/fab425a9-4a9d-3e8b-87c5-d0ca76361c20/3bb1bcf7-9071-4b0b-a91c-546ab8497838_EN_6.png/552x414bb.png"",""https://is1-ssl.mzstatic.com/image/thumb/PurpleSource126/v4/e9/8e/62/e98e6261-e85d-9d12-3017-bc52b11924ce/c5577998-5c0b-4bff-a001-f9c04c83674b_EN_7.png/552x414bb.png""]","[]","[""iPhone5s-iPhone5s"",""iPadAir-iPadAir"",""iPadAirCellular-iPadAirCellular"",""iPadMiniRetina-iPadMiniRetina"",""iPadMiniRetinaCellular-iPadMiniRetinaCellular"",""iPhone6-iPhone6"",""iPhone6Plus-iPhone6Plus"",""iPadAir2-iPadAir2"",""iPadAir2Cellular-iPadAir2Cellular"",""iPadMini3-iPadMini3"",""iPadMini3Cellular-iPadMini3Cellular"",""iPodTouchSixthGen-iPodTouchSixthGen"",""iPhone6s-iPhone6s"",""iPhone6sPlus-iPhone6sPlus"",""iPadMini4-iPadMini4"",""iPadMini4Cellular-iPadMini4Cellular"",""iPadPro-iPadPro"",""iPadProCellular-iPadProCellular"",""iPadPro97-iPadPro97"",""iPadPro97Cellular-iPadPro97Cellular"",""iPhoneSE-iPhoneSE"",""iPhone7-iPhone7"",""iPhone7Plus-iPhone7Plus"",""iPad611-iPad611"",""iPad612-iPad612"",""iPad71-iPad71"",""iPad72-iPad72"",""iPad73-iPad73"",""iPad74-iPad74"",""iPhone8-iPhone8"",""iPhone8Plus-iPhone8Plus"",""iPhoneX-iPhoneX"",""iPad75-iPad75"",""iPad76-iPad76"",""iPhoneXS-iPhoneXS"",""iPhoneXSMax-iPhoneXSMax"",""iPhoneXR-iPhoneXR"",""iPad812-iPad812"",""iPad834-iPad834"",""iPad856-iPad856"",""iPad878-iPad878"",""iPadMini5-iPadMini5"",""iPadMini5Cellular-iPadMini5Cellular"",""iPadAir3-iPadAir3"",""iPadAir3Cellular-iPadAir3Cellular"",""iPodTouchSeventhGen-iPodTouchSeventhGen"",""iPhone11-iPhone11"",""iPhone11Pro-iPhone11Pro"",""iPadSeventhGen-iPadSeventhGen"",""iPadSeventhGenCellular-iPadSeventhGenCellular"",""iPhone11ProMax-iPhone11ProMax"",""iPhoneSESecondGen-iPhoneSESecondGen"",""iPadProSecondGen-iPadProSecondGen"",""iPadProSecondGenCellular-iPadProSecondGenCellular"",""iPadProFourthGen-iPadProFourthGen"",""iPadProFourthGenCellular-iPadProFourthGenCellular"",""iPhone12Mini-iPhone12Mini"",""iPhone12-iPhone12"",""iPhone12Pro-iPhone12Pro"",""iPhone12ProMax-iPhone12ProMax"",""iPadAir4-iPadAir4"",""iPadAir4Cellular-iPadAir4Cellular"",""iPadEighthGen-iPadEighthGen"",""iPadEighthGenCellular-iPadEighthGenCellular"",""iPadProThirdGen-iPadProThirdGen"",""iPadProThirdGenCellular-iPadProThirdGenCellular"",""iPadProFifthGen-iPadProFifthGen"",""iPadProFifthGenCellular-iPadProFifthGenCellular"",""iPhone13Pro-iPhone13Pro"",""iPhone13ProMax-iPhone13ProMax"",""iPhone13Mini-iPhone13Mini"",""iPhone13-iPhone13"",""iPadMiniSixthGen-iPadMiniSixthGen"",""iPadMiniSixthGenCellular-iPadMiniSixthGenCellular"",""iPadNinthGen-iPadNinthGen"",""iPadNinthGenCellular-iPadNinthGenCellular"",""iPhoneSEThirdGen-iPhoneSEThirdGen"",""iPadAirFifthGen-iPadAirFifthGen"",""iPadAirFifthGenCellular-iPadAirFifthGenCellular"",""iPhone14-iPhone14"",""iPhone14Plus-iPhone14Plus"",""iPhone14Pro-iPhone14Pro"",""iPhone14ProMax-iPhone14ProMax"",""iPadTenthGen-iPadTenthGen"",""iPadTenthGenCellular-iPadTenthGenCellular"",""iPadPro11FourthGen-iPadPro11FourthGen"",""iPadPro11FourthGenCellular-iPadPro11FourthGenCellular"",""iPadProSixthGen-iPadProSixthGen"",""iPadProSixthGenCellular-iPadProSixthGenCellular"",""iPhone15-iPhone15"",""iPhone15Plus-iPhone15Plus"",""iPhone15Pro-iPhone15Pro"",""iPhone15ProMax-iPhone15ProMax""]"
454638411,"com.facebook.Messenger","Messenger","https://apps.apple.com/ao/app/messenger/id454638411?uo=4","Be together whenever, with our free* all-in-one communication app, complete with unlimited text, voice, video calling and group video chat features.
 PRIVACY SETTINGS
 New privacy settings let you choose who can reach you, and where your messages are delivered.
 CUSTOM REACTIONS
 Lost for words? You can customise your reactions, with lots more emojis to choose from.
 CHAT THEMES
 Choose from fun themes and colours, such as Tie-dye or Love, to make your chats more personal.
 WATCH TOGETHER
 Watch videos, tv programmes and films with your friends over Messenger video chat and Rooms when you can't be together. Capture every moment and reaction in real time.
 FREE* VIDEO CALLS TO STAY CONNECTED
 Keep your friends and family close with unlimited live video chatting. Host group video calls with up to eight people, with high-quality audio, high-definition video and interactive video features such as face filters.
 UNLIMITED FREE* TEXT AND PHONE CALLS
 Skip exchanging phone numbers and simply send a message to your Facebook friends, even if they're across the world. Enjoy high-quality voice and text messaging on mobile, tablet and desktop.
 TURN OFF THE LIGHTS IN DARK MODE
 Give your eyes some rest with a sleek new look that darkens the colours of the chat interface.
 RECORD AND SEND VOICE AND VIDEO MESSAGES
 When text just won't cut it, just hit record and send. Say, sing, show or shout it out loud.
 EXPRESS YOURSELF WITH STICKERS, GIFS AND EMOJIS
 Use custom stickers to show your creative side. You can even add effects and filters to video calls.
 SEND FILES, PHOTOS AND VIDEOS
 There's no limit to the number of files you want to share with your friends.
 PLAN AND MAKE IT HAPPEN
 Make plans to get together with polls and more. Suggest a meeting spot or tell friends where you are by sharing your location with just a few taps.
 SEND AND REQUEST MONEY WITH NO FEES
 Send and receive money securely and quickly – right in the app. Split payments in group chats to share rent, travel and other expenses. Start sending money to friends and family by adding your debit card, PayPal account (fees may apply) or prepaid card. Only available in the US.
 CHAT WITH BUSINESSES
 Easily connect with your favourite businesses to make reservations, get customer support, find deals and more.
 COMPATIBLE ACROSS PLATFORMS
 Chat with friends across an array of devices, such as desktop, Portal and others.
 Privacy Policy: https://www.facebook.com/about/privacy/
 LEARN MORE about Messenger texting and group video chat at: http://messenger.com
 * Data rates apply
 Some Messenger features may not be available in your country or region.","https://is1-ssl.mzstatic.com/image/thumb/Purple211/v4/0e/af/cd/0eafcd87-57e2-a840-3115-22d565415429/AppIcon-0-0-1x_U007emarketing-0-7-0-0-sRGB-85-220.png/512x512bb.jpg","[""Social Networking"",""Productivity""]","[""6005"",""6007""]","Social Networking",6005,"12+","[""HR"",""CS"",""DA"",""NL"",""EN"",""FI"",""FR"",""DE"",""EL"",""HU"",""ID"",""IT"",""JA"",""KO"",""MS"",""NB"",""PL"",""PT"",""RU"",""ZH"",""SK"",""ES"",""SV"",""TH"",""ZH"",""TR"",""UK"",""VI""]","141725696","12.4","2011-10-19T22:39:30Z","2024-03-13T16:01:04Z","We update our app regularly to make it even better for you to easily connect to the people that matter. Update to the latest version to get all the new features and improvements. 

This release includes:
- Fixes for crashes within messaging experiences 
- Performance improvements to remove latency in some of our core experiences
- iOS 17 support 

Have a question? Tap Help in the Messenger app or visit 
[facebook.com/help/messenger-app]","449.0.0",0,"USD",true,284882218,"Meta Platforms, Inc.","https://apps.apple.com/ao/developer/meta-platforms-inc/id284882218?uo=4","http://www.facebook.com/mobile/messenger",4.16686,19825,4.16686,19825,"[""https://is1-ssl.mzstatic.com/image/thumb/PurpleSource122/v4/6b/ee/9a/6bee9a38-759e-ac2d-1d68-529fbc407c57/f62962d3-e9a2-48d0-911e-0ed6be153afd_iPhone_5.5__-_Screen_1.jpg/392x696bb.jpg"",""https://is1-ssl.mzstatic.com/image/thumb/PurpleSource112/v4/90/2a/2b/902a2b10-118b-23aa-f951-f50390fbae16/4a72edd3-6841-494d-a402-89becb7e6b99_iPhone_5.5__-_Screen_3.jpg/392x696bb.jpg"",""https://is1-ssl.mzstatic.com/image/thumb/PurpleSource122/v4/d3/30/48/d3304806-8841-6be2-df6c-5d7969c6a6af/0c06fb7b-98d6-4379-8c90-2911a2430d53_iPhone_5.5__-_Screen_4.jpg/392x696bb.jpg"",""https://is1-ssl.mzstatic.com/image/thumb/PurpleSource122/v4/31/52/5d/31525d3a-1417-7349-f855-7afa24cacd88/b903d3ca-9333-4975-95ed-101a5bb1418a_iPhone_5.5__-_Screen_5.jpg/392x696bb.jpg"",""https://is1-ssl.mzstatic.com/image/thumb/PurpleSource122/v4/0a/b4/5c/0ab45cad-f66a-d30c-95d8-c869e807a004/34aa60f1-e53f-4635-9492-bc52fb6c0712_iPhone_5.5__-_Screen_6.jpg/392x696bb.jpg"",""https://is1-ssl.mzstatic.com/image/thumb/PurpleSource122/v4/5f/93/e2/5f93e252-30db-f81c-7139-1a994e855add/dc0d77b8-853d-4031-bbfe-8051380e3d08_iPhone_5.5__-_Screen_7.jpg/392x696bb.jpg"",""https://is1-ssl.mzstatic.com/image/thumb/PurpleSource112/v4/27/c7/8f/27c78f58-5d83-3345-6da8-7b769699f2fd/1b1b97d6-9bd2-4fd3-83ee-d88901d5cfa7_iPhone_5.5__-_Screen_8.jpg/392x696bb.jpg""]","[""https://is1-ssl.mzstatic.com/image/thumb/Purple122/v4/3b/06/e1/3b06e16e-53e1-975a-20a6-5a43c17875b2/7f6fd0a2-ee06-4b01-b04a-d9fec7b1c6de_iPad_2nd_Gen-_Screen_1.jpg/552x414bb.jpg"",""https://is1-ssl.mzstatic.com/image/thumb/Purple112/v4/fa/79/3e/fa793eb9-60f4-404a-291c-3d5bff5bdaad/c937f0f4-9f1f-4b81-8186-ea5d90618f1f_iPad_2nd_Gen_-_Screen_3.jpg/552x414bb.jpg""]","[]","[""iPhone5s-iPhone5s"",""iPadAir-iPadAir"",""iPadAirCellular-iPadAirCellular"",""iPadMiniRetina-iPadMiniRetina"",""iPadMiniRetinaCellular-iPadMiniRetinaCellular"",""iPhone6-iPhone6"",""iPhone6Plus-iPhone6Plus"",""iPadAir2-iPadAir2"",""iPadAir2Cellular-iPadAir2Cellular"",""iPadMini3-iPadMini3"",""iPadMini3Cellular-iPadMini3Cellular"",""iPodTouchSixthGen-iPodTouchSixthGen"",""iPhone6s-iPhone6s"",""iPhone6sPlus-iPhone6sPlus"",""iPadMini4-iPadMini4"",""iPadMini4Cellular-iPadMini4Cellular"",""iPadPro-iPadPro"",""iPadProCellular-iPadProCellular"",""iPadPro97-iPadPro97"",""iPadPro97Cellular-iPadPro97Cellular"",""iPhoneSE-iPhoneSE"",""iPhone7-iPhone7"",""iPhone7Plus-iPhone7Plus"",""iPad611-iPad611"",""iPad612-iPad612"",""iPad71-iPad71"",""iPad72-iPad72"",""iPad73-iPad73"",""iPad74-iPad74"",""iPhone8-iPhone8"",""iPhone8Plus-iPhone8Plus"",""iPhoneX-iPhoneX"",""iPad75-iPad75"",""iPad76-iPad76"",""iPhoneXS-iPhoneXS"",""iPhoneXSMax-iPhoneXSMax"",""iPhoneXR-iPhoneXR"",""iPad812-iPad812"",""iPad834-iPad834"",""iPad856-iPad856"",""iPad878-iPad878"",""iPadMini5-iPadMini5"",""iPadMini5Cellular-iPadMini5Cellular"",""iPadAir3-iPadAir3"",""iPadAir3Cellular-iPadAir3Cellular"",""iPodTouchSeventhGen-iPodTouchSeventhGen"",""iPhone11-iPhone11"",""iPhone11Pro-iPhone11Pro"",""iPadSeventhGen-iPadSeventhGen"",""iPadSeventhGenCellular-iPadSeventhGenCellular"",""iPhone11ProMax-iPhone11ProMax"",""iPhoneSESecondGen-iPhoneSESecondGen"",""iPadProSecondGen-iPadProSecondGen"",""iPadProSecondGenCellular-iPadProSecondGenCellular"",""iPadProFourthGen-iPadProFourthGen"",""iPadProFourthGenCellular-iPadProFourthGenCellular"",""iPhone12Mini-iPhone12Mini"",""iPhone12-iPhone12"",""iPhone12Pro-iPhone12Pro"",""iPhone12ProMax-iPhone12ProMax"",""iPadAir4-iPadAir4"",""iPadAir4Cellular-iPadAir4Cellular"",""iPadEighthGen-iPadEighthGen"",""iPadEighthGenCellular-iPadEighthGenCellular"",""iPadProThirdGen-iPadProThirdGen"",""iPadProThirdGenCellular-iPadProThirdGenCellular"",""iPadProFifthGen-iPadProFifthGen"",""iPadProFifthGenCellular-iPadProFifthGenCellular"",""iPhone13Pro-iPhone13Pro"",""iPhone13ProMax-iPhone13ProMax"",""iPhone13Mini-iPhone13Mini"",""iPhone13-iPhone13"",""iPadMiniSixthGen-iPadMiniSixthGen"",""iPadMiniSixthGenCellular-iPadMiniSixthGenCellular"",""iPadNinthGen-iPadNinthGen"",""iPadNinthGenCellular-iPadNinthGenCellular"",""iPhoneSEThirdGen-iPhoneSEThirdGen"",""iPadAirFifthGen-iPadAirFifthGen"",""iPadAirFifthGenCellular-iPadAirFifthGenCellular"",""iPhone14-iPhone14"",""iPhone14Plus-iPhone14Plus"",""iPhone14Pro-iPhone14Pro"",""iPhone14ProMax-iPhone14ProMax"",""iPadTenthGen-iPadTenthGen"",""iPadTenthGenCellular-iPadTenthGenCellular"",""iPadPro11FourthGen-iPadPro11FourthGen"",""iPadPro11FourthGenCellular-iPadPro11FourthGenCellular"",""iPadProSixthGen-iPadProSixthGen"",""iPadProSixthGenCellular-iPadProSixthGenCellular"",""iPhone15-iPhone15"",""iPhone15Plus-iPhone15Plus"",""iPhone15Pro-iPhone15Pro"",""iPhone15ProMax-iPhone15ProMax""]"
284882215,"com.facebook.Facebook","Facebook","https://apps.apple.com/ao/app/facebook/id284882215?uo=4","Explore, connect and share your interests with real people. 

Whether you’re looking for a spark of inspiration with reels or want to dive deeper into something you already love with Marketplace or in groups, you can discover ideas, experiences and people that fuel your interests and help you make progress on the things that matter to you on Facebook.

Explore and expand your interests:
* Shop for affordable and uncommon stuff on Marketplace and take your hobbies to the next level
* Personalize your Feed to see more of what you like, less of what you don’t
* Watch reels for quick entertainment that sparks inspiration
* Discover creators, small businesses and communities who can help you dive deeper into the things you care about

Connect with people and communities:
* Join groups to learn tips and tricks from real people who’ve been there, done that
* Catch up with friends, family and influencers through Feed and stories

Share your world:
* Effortlessly create reels from trending templates, or let your creativity shine with a full suite of editing tools
* Customize your profile to choose how you show up and who you share your posts with
* Turn your hobby into a side hustle by becoming a creator or selling things on Marketplace
* Celebrate everyday, candid moments with stories, which disappear in 24 hours","https://is1-ssl.mzstatic.com/image/thumb/Purple211/v4/e4/f9/80/e4f980d2-d503-5742-a5e8-14e6aa3d546c/Icon-Production-0-0-1x_U007emarketing-0-7-0-85-220.png/512x512bb.jpg","[""Social Networking""]","[""6005""]","Social Networking",6005,"12+","[""AR"",""HR"",""CS"",""DA"",""NL"",""EN"",""FI"",""FR"",""DE"",""EL"",""HE"",""HI"",""HU"",""ID"",""IT"",""JA"",""KO"",""MS"",""NB"",""PL"",""PT"",""RO"",""RU"",""ZH"",""SK"",""ES"",""SV"",""TH"",""ZH"",""TR"",""UK"",""VI""]","330893312","13.4","2019-02-05T08:00:00Z","2024-03-13T18:01:06Z","We’ve updated the app to fix some crashes, make features load faster and support iOS 17!","455.0.0",0,"USD",true,284882218,"Meta Platforms, Inc.","https://apps.apple.com/ao/developer/meta-platforms-inc/id284882218?uo=4","http://www.facebook.com/mobile",4.37374,35656,4.37374,35656,"[""https://is1-ssl.mzstatic.com/image/thumb/PurpleSource126/v4/ff/a7/90/ffa79054-1f3f-35a1-6729-ef403a6081ac/c5a00a2f-7017-4b42-9f42-9b96036a8c34_iOS-5.5-Home.png/392x696bb.png"",""https://is1-ssl.mzstatic.com/image/thumb/Purple126/v4/79/d4/b6/79d4b62b-0e23-a41e-b3e7-9914d48d800d/16216c14-f578-4f89-b80d-9bc599e7e359_iOS-5.5-Reels.png/392x696bb.png"",""https://is1-ssl.mzstatic.com/image/thumb/Purple126/v4/d1/df/78/d1df7868-74d3-854d-6071-9f132a82914c/11ff572a-bf1d-463d-a475-eb7467991cb2_iOS-5.5-Stories.png/392x696bb.png"",""https://is1-ssl.mzstatic.com/image/thumb/PurpleSource116/v4/b4/70/ee/b470eeeb-28a2-df19-8480-a17a730c84b4/fa044ecd-b866-4611-99ee-1a47027ae946_iOS-5.5-Group.png/392x696bb.png"",""https://is1-ssl.mzstatic.com/image/thumb/PurpleSource116/v4/8d/af/f0/8daff05b-ef3e-9f9a-4293-f510bab08b62/943a6d5d-9dcb-434c-a6f1-45b5496fba3c_iOS-5.5-Self_Profile.png/392x696bb.png""]","[""https://is1-ssl.mzstatic.com/image/thumb/Purple116/v4/b6/bf/5d/b6bf5da7-b3b2-7263-6858-ad127f824fc4/3d69f402-0570-4aa0-b4ae-3b186d3098f3_iPad_Pro_12.9_2nd_Gen-Home.png/576x768bb.png"",""https://is1-ssl.mzstatic.com/image/thumb/Purple116/v4/f6/9c/93/f69c9390-47ff-1d75-bdad-3f599e891e7a/e3a393bd-7c74-4e48-9868-1e93adb97c24_iPad_Pro_12.9_2nd_Gen-Watch.png/576x768bb.png"",""https://is1-ssl.mzstatic.com/image/thumb/Purple116/v4/e9/0a/0d/e90a0d4d-2786-363d-db7f-72af36bb54cd/88d21855-709c-4c4e-b871-f74053b24d6f_iPad_Pro_12.9_2nd_Gen-Self_Profile.png/576x768bb.png""]","[]","[""iPhone5s-iPhone5s"",""iPadAir-iPadAir"",""iPadAirCellular-iPadAirCellular"",""iPadMiniRetina-iPadMiniRetina"",""iPadMiniRetinaCellular-iPadMiniRetinaCellular"",""iPhone6-iPhone6"",""iPhone6Plus-iPhone6Plus"",""iPadAir2-iPadAir2"",""iPadAir2Cellular-iPadAir2Cellular"",""iPadMini3-iPadMini3"",""iPadMini3Cellular-iPadMini3Cellular"",""iPodTouchSixthGen-iPodTouchSixthGen"",""iPhone6s-iPhone6s"",""iPhone6sPlus-iPhone6sPlus"",""iPadMini4-iPadMini4"",""iPadMini4Cellular-iPadMini4Cellular"",""iPadPro-iPadPro"",""iPadProCellular-iPadProCellular"",""iPadPro97-iPadPro97"",""iPadPro97Cellular-iPadPro97Cellular"",""iPhoneSE-iPhoneSE"",""iPhone7-iPhone7"",""iPhone7Plus-iPhone7Plus"",""iPad611-iPad611"",""iPad612-iPad612"",""iPad71-iPad71"",""iPad72-iPad72"",""iPad73-iPad73"",""iPad74-iPad74"",""iPhone8-iPhone8"",""iPhone8Plus-iPhone8Plus"",""iPhoneX-iPhoneX"",""iPad75-iPad75"",""iPad76-iPad76"",""iPhoneXS-iPhoneXS"",""iPhoneXSMax-iPhoneXSMax"",""iPhoneXR-iPhoneXR"",""iPad812-iPad812"",""iPad834-iPad834"",""iPad856-iPad856"",""iPad878-iPad878"",""iPadMini5-iPadMini5"",""iPadMini5Cellular-iPadMini5Cellular"",""iPadAir3-iPadAir3"",""iPadAir3Cellular-iPadAir3Cellular"",""iPodTouchSeventhGen-iPodTouchSeventhGen"",""iPhone11-iPhone11"",""iPhone11Pro-iPhone11Pro"",""iPadSeventhGen-iPadSeventhGen"",""iPadSeventhGenCellular-iPadSeventhGenCellular"",""iPhone11ProMax-iPhone11ProMax"",""iPhoneSESecondGen-iPhoneSESecondGen"",""iPadProSecondGen-iPadProSecondGen"",""iPadProSecondGenCellular-iPadProSecondGenCellular"",""iPadProFourthGen-iPadProFourthGen"",""iPadProFourthGenCellular-iPadProFourthGenCellular"",""iPhone12Mini-iPhone12Mini"",""iPhone12-iPhone12"",""iPhone12Pro-iPhone12Pro"",""iPhone12ProMax-iPhone12ProMax"",""iPadAir4-iPadAir4"",""iPadAir4Cellular-iPadAir4Cellular"",""iPadEighthGen-iPadEighthGen"",""iPadEighthGenCellular-iPadEighthGenCellular"",""iPadProThirdGen-iPadProThirdGen"",""iPadProThirdGenCellular-iPadProThirdGenCellular"",""iPadProFifthGen-iPadProFifthGen"",""iPadProFifthGenCellular-iPadProFifthGenCellular"",""iPhone13Pro-iPhone13Pro"",""iPhone13ProMax-iPhone13ProMax"",""iPhone13Mini-iPhone13Mini"",""iPhone13-iPhone13"",""iPadMiniSixthGen-iPadMiniSixthGen"",""iPadMiniSixthGenCellular-iPadMiniSixthGenCellular"",""iPadNinthGen-iPadNinthGen"",""iPadNinthGenCellular-iPadNinthGenCellular"",""iPhoneSEThirdGen-iPhoneSEThirdGen"",""iPadAirFifthGen-iPadAirFifthGen"",""iPadAirFifthGenCellular-iPadAirFifthGenCellular"",""iPhone14-iPhone14"",""iPhone14Plus-iPhone14Plus"",""iPhone14Pro-iPhone14Pro"",""iPhone14ProMax-iPhone14ProMax"",""iPadTenthGen-iPadTenthGen"",""iPadTenthGenCellular-iPadTenthGenCellular"",""iPadPro11FourthGen-iPadPro11FourthGen"",""iPadPro11FourthGenCellular-iPadPro11FourthGenCellular"",""iPadProSixthGen-iPadProSixthGen"",""iPadProSixthGenCellular-iPadProSixthGenCellular"",""iPhone15-iPhone15"",""iPhone15Plus-iPhone15Plus"",""iPhone15Pro-iPhone15Pro"",""iPhone15ProMax-iPhone15ProMax""]"
389801252,"com.burbn.instagram","Instagram","https://apps.apple.com/ao/app/instagram/id389801252?uo=4","Bringing you closer to the people and things you love – Instagram from Facebook

Connect with friends, share what you're up to or see what's new from others all over the world. Explore our community where you can feel free to be yourself and share everything from your daily moments to life's highlights.

Express yourself and connect with friends

* Add photos and videos to your story that disappear after 24 hours, and bring them to life with fun creative tools.
* Message your friends with Messenger. Share and connect over what you see on feed and Stories.
* Create and discover short, entertaining videos on Instagram with Reels.
* Post photos and videos to your feed that you want to show on your profile.

Learn more about your interests

* Watch videos from your favourite creators and discover new content through Instagram video and Reels.
* Get inspired by photos and videos from new accounts in Explore.
* Discover brands and small businesses, and shop products that are relevant to your personal style.
Some Instagram features may not be available in your country or region.

Terms of Service - https://help.instagram.com/581066165581870","https://is1-ssl.mzstatic.com/image/thumb/Purple211/v4/f4/57/82/f457827a-1c4d-f152-8673-cca8c6dce74e/Prod-0-0-1x_U007emarketing-0-7-0-85-220.png/512x512bb.jpg","[""Photo & Video"",""Social Networking""]","[""6008"",""6005""]","Photo & Video",6008,"12+","[""HR"",""CS"",""DA"",""NL"",""EN"",""FI"",""FR"",""DE"",""EL"",""HI"",""HU"",""ID"",""IT"",""JA"",""KO"",""MS"",""NB"",""PL"",""PT"",""RO"",""RU"",""ZH"",""SK"",""ES"",""SV"",""TL"",""TH"",""ZH"",""TR"",""UK"",""VI""]","268824576","15.0","2011-07-10T02:25:29Z","2024-03-13T13:49:59Z","The latest version contains bug fixes and performance improvements.","322.1.0",0,"USD",true,389801255,"Instagram, Inc.","https://apps.apple.com/ao/developer/instagram-inc/id389801255?uo=4","http://instagram.com/",4.52534,88583,4.52534,88583,"[""https://is1-ssl.mzstatic.com/image/thumb/PurpleSource126/v4/a0/61/ac/a061acd3-7ed7-35a0-13ac-a32118d207f8/d3d261bd-e303-4e80-8f54-a9bc4f2cffb0_1_iOS_5.5.jpg/392x696bb.jpg"",""https://is1-ssl.mzstatic.com/image/thumb/PurpleSource116/v4/b0/98/26/b09826c3-a337-44f7-e87c-77fa1a81513d/40a5bc7e-1a94-4758-b511-720a2e8e0584_2_iOS_5.5.jpg/392x696bb.jpg"",""https://is1-ssl.mzstatic.com/image/thumb/PurpleSource126/v4/cf/c4/26/cfc42668-92a3-21ed-2d54-95cbda1b81d2/526b8da8-e73d-4eea-bd5c-8c6fc1f09203_3_iOS_5.5.jpg/392x696bb.jpg"",""https://is1-ssl.mzstatic.com/image/thumb/PurpleSource126/v4/2f/a6/fe/2fa6feb5-ef6a-c1f0-5b85-7cdaf4a513e9/d7d9ff31-3af2-47fb-936f-586acc292c08_4_iOS_5.5.jpg/392x696bb.jpg"",""https://is1-ssl.mzstatic.com/image/thumb/PurpleSource116/v4/ca/1f/6f/ca1f6fd0-3cfc-2a51-e3bb-a6ace22f58f3/4ecc454b-ce45-4ff5-829e-c14cb5554a39_5_iOS_5.5.jpg/392x696bb.jpg"",""https://is1-ssl.mzstatic.com/image/thumb/PurpleSource116/v4/4b/45/77/4b45771f-2d03-276e-72e0-7294b1caffa9/3fc44b70-449d-463d-a8b8-10dc337a5da5_6_iOS_5.5.jpg/392x696bb.jpg""]","[]","[]","[""iPhone5s-iPhone5s"",""iPadAir-iPadAir"",""iPadAirCellular-iPadAirCellular"",""iPadMiniRetina-iPadMiniRetina"",""iPadMiniRetinaCellular-iPadMiniRetinaCellular"",""iPhone6-iPhone6"",""iPhone6Plus-iPhone6Plus"",""iPadAir2-iPadAir2"",""iPadAir2Cellular-iPadAir2Cellular"",""iPadMini3-iPadMini3"",""iPadMini3Cellular-iPadMini3Cellular"",""iPodTouchSixthGen-iPodTouchSixthGen"",""iPhone6s-iPhone6s"",""iPhone6sPlus-iPhone6sPlus"",""iPadMini4-iPadMini4"",""iPadMini4Cellular-iPadMini4Cellular"",""iPadPro-iPadPro"",""iPadProCellular-iPadProCellular"",""iPadPro97-iPadPro97"",""iPadPro97Cellular-iPadPro97Cellular"",""iPhoneSE-iPhoneSE"",""iPhone7-iPhone7"",""iPhone7Plus-iPhone7Plus"",""iPad611-iPad611"",""iPad612-iPad612"",""iPad71-iPad71"",""iPad72-iPad72"",""iPad73-iPad73"",""iPad74-iPad74"",""iPhone8-iPhone8"",""iPhone8Plus-iPhone8Plus"",""iPhoneX-iPhoneX"",""iPad75-iPad75"",""iPad76-iPad76"",""iPhoneXS-iPhoneXS"",""iPhoneXSMax-iPhoneXSMax"",""iPhoneXR-iPhoneXR"",""iPad812-iPad812"",""iPad834-iPad834"",""iPad856-iPad856"",""iPad878-iPad878"",""iPadMini5-iPadMini5"",""iPadMini5Cellular-iPadMini5Cellular"",""iPadAir3-iPadAir3"",""iPadAir3Cellular-iPadAir3Cellular"",""iPodTouchSeventhGen-iPodTouchSeventhGen"",""iPhone11-iPhone11"",""iPhone11Pro-iPhone11Pro"",""iPadSeventhGen-iPadSeventhGen"",""iPadSeventhGenCellular-iPadSeventhGenCellular"",""iPhone11ProMax-iPhone11ProMax"",""iPhoneSESecondGen-iPhoneSESecondGen"",""iPadProSecondGen-iPadProSecondGen"",""iPadProSecondGenCellular-iPadProSecondGenCellular"",""iPadProFourthGen-iPadProFourthGen"",""iPadProFourthGenCellular-iPadProFourthGenCellular"",""iPhone12Mini-iPhone12Mini"",""iPhone12-iPhone12"",""iPhone12Pro-iPhone12Pro"",""iPhone12ProMax-iPhone12ProMax"",""iPadAir4-iPadAir4"",""iPadAir4Cellular-iPadAir4Cellular"",""iPadEighthGen-iPadEighthGen"",""iPadEighthGenCellular-iPadEighthGenCellular"",""iPadProThirdGen-iPadProThirdGen"",""iPadProThirdGenCellular-iPadProThirdGenCellular"",""iPadProFifthGen-iPadProFifthGen"",""iPadProFifthGenCellular-iPadProFifthGenCellular"",""iPhone13Pro-iPhone13Pro"",""iPhone13ProMax-iPhone13ProMax"",""iPhone13Mini-iPhone13Mini"",""iPhone13-iPhone13"",""iPadMiniSixthGen-iPadMiniSixthGen"",""iPadMiniSixthGenCellular-iPadMiniSixthGenCellular"",""iPadNinthGen-iPadNinthGen"",""iPadNinthGenCellular-iPadNinthGenCellular"",""iPhoneSEThirdGen-iPhoneSEThirdGen"",""iPadAirFifthGen-iPadAirFifthGen"",""iPadAirFifthGenCellular-iPadAirFifthGenCellular"",""iPhone14-iPhone14"",""iPhone14Plus-iPhone14Plus"",""iPhone14Pro-iPhone14Pro"",""iPhone14ProMax-iPhone14ProMax"",""iPadTenthGen-iPadTenthGen"",""iPadTenthGenCellular-iPadTenthGenCellular"",""iPadPro11FourthGen-iPadPro11FourthGen"",""iPadPro11FourthGenCellular-iPadPro11FourthGenCellular"",""iPadProSixthGen-iPadProSixthGen"",""iPadProSixthGenCellular-iPadProSixthGenCellular"",""iPhone15-iPhone15"",""iPhone15Plus-iPhone15Plus"",""iPhone15Pro-iPhone15Pro"",""iPhone15ProMax-iPhone15ProMax""]"
544007664,"com.google.ios.youtube","YouTube: Watch, Listen, Stream","https://apps.apple.com/ao/app/youtube-watch-listen-stream/id544007664?uo=4","Get the official YouTube app on iPhones and iPads. See what the world is watching -- from the hottest music videos to what’s popular in gaming, fashion, beauty, news, learning and more. Subscribe to channels you love, create content of your own, share with friends, and watch on any device.

Watch and subscribe
● Browse personal recommendations on Home
● See the latest from your favorite channels in Subscriptions
● Look up videos you’ve watched, liked, and saved for later in Library

Explore different topics, what’s popular, and on the rise (available in select countries)
● Stay up to date on what’s popular in music, gaming, beauty, news, learning and more
● See what’s trending on YouTube and around the world on Explore
● Learn about the coolest Creators, Gamers, and Artists on the Rise (available in select countries)

Connect with the YouTube community
● Keep up with your favorites creators with Posts, Stories, Premieres, and Live streams
● Join the conversation with comments and interact with creators and other community members

Create content from your mobile device
● Create or upload your own videos directly in the app
● Engage with your audience in real time with live streaming right from the app

Find the experience that fits you and your family (available in select countries)
● Every family has their own approach to online video. Learn about your options: the YouTube Kids app or a new parent supervised experience on YouTube at youtube.com/myfamily

Support creators you love with channel memberships (available in select countries)
● Join channels that offer paid monthly memberships and support their work
● Get access to exclusive perks from the channel & become part of their members community
● Stand out in comments and live chats with a loyalty badge next to your username

Upgrade to YouTube Premium (available in select countries)
● Watch videos uninterrupted by ads, while using other apps, or when the screen is locked
● Save videos for when you really need them – like when you’re on a plane or commuting
● Get access to YouTube Music Premium as part of your benefits

Note: If you subscribe via Apple, payment will be charged to App Store Account at confirmation of purchase. Subscription automatically renews unless auto-renew is turned off at least 24 hours before the end of the current period. Account will be charged for renewal within 24 hours prior to the end of the current period at the rate of the selected plan. Subscriptions and auto-renewal may be managed by going to Account Settings after purchase.

YouTube paid service terms: https://www.youtube.com/t/terms_paidservice.
Privacy policy: https://www.google.com/policies/privacy","https://is1-ssl.mzstatic.com/image/thumb/Purple221/v4/17/22/9e/17229eb2-1a83-4b69-8fc8-92820d848e06/logo_youtube_color-1x_U007emarketing-0-6-0-0-85-220-0.png/512x512bb.jpg","[""Photo & Video"",""Entertainment""]","[""6008"",""6016""]","Photo & Video",6008,"12+","[""AF"",""SQ"",""AM"",""AR"",""HY"",""AZ"",""EU"",""BE"",""BN"",""BS"",""BG"",""MY"",""KM"",""CA"",""HR"",""CS"",""DA"",""NL"",""EN"",""ET"",""FI"",""FR"",""GL"",""KA"",""DE"",""EL"",""GU"",""HE"",""HI"",""HU"",""IS"",""ID"",""IT"",""JA"",""KN"",""KK"",""KO"",""KY"",""LO"",""LV"",""LT"",""MK"",""MS"",""ML"",""MR"",""MN"",""NE"",""NB"",""FA"",""PL"",""PT"",""PA"",""RO"",""RU"",""SR"",""ZH"",""SI"",""SK"",""SL"",""ES"",""SW"",""SV"",""TA"",""TE"",""TH"",""ZH"",""TR"",""UK"",""UR"",""UZ"",""VI"",""ZU""]","331739136","14.0","2012-09-11T07:23:19Z","2024-03-11T00:01:14Z","Bug fixes, performance improvements and more cat videos.","19.10.5",0,"USD",true,281956209,"Google","https://apps.apple.com/ao/developer/google/id281956209?uo=4","https://www.youtube.com",4.52203,90888,4.52203,90888,"[""https://is1-ssl.mzstatic.com/image/thumb/Purple126/v4/03/39/92/0339920a-10cd-c31d-1245-eb00d0e57a85/cdfcf0fc-0f88-4237-9e9d-a1afb08724e3_iOS-5.5-in_1.jpg/392x696bb.jpg"",""https://is1-ssl.mzstatic.com/image/thumb/Purple126/v4/e7/5e/33/e75e339d-250d-965b-5b18-974d6f4499fb/209c47e2-15a0-44a2-a1b7-ab82b74bd2d8_iOS-5.5-in_2.jpg/392x696bb.jpg"",""https://is1-ssl.mzstatic.com/image/thumb/Purple126/v4/6e/d7/70/6ed77072-6454-bff8-3391-e6d199fbb996/f3b103d9-206a-43be-8cf5-c9e907471b04_iOS-5.5-in_3.jpg/392x696bb.jpg"",""https://is1-ssl.mzstatic.com/image/thumb/Purple126/v4/f0/cb/21/f0cb2165-1713-87e0-37ce-c398a025874a/b5a5d11f-5974-4ebd-89a5-f3107a309616_iOS-5.5-in_4.jpg/392x696bb.jpg"",""https://is1-ssl.mzstatic.com/image/thumb/Purple126/v4/b9/33/2d/b9332d62-4437-116d-2c11-d240c2ceb8ca/3e7991f1-3174-48fe-bdd6-463f5113d1a1_iOS-5.5-in_5.jpg/392x696bb.jpg""]","[""https://is1-ssl.mzstatic.com/image/thumb/Purple126/v4/3f/18/1c/3f181c8e-6b01-e24e-ad84-a92a3bccbbea/306d132f-4632-467b-a4e1-adb4dace0181_iOS-iPad-Pro_3rdgen_1.jpg/576x768bb.jpg"",""https://is1-ssl.mzstatic.com/image/thumb/Purple116/v4/a7/45/9b/a7459b7c-61fe-7456-baa0-7a56a46297cd/1d7c6ca0-2040-4ab0-8a9e-14b3fcae1097_iOS-iPad-Pro_3rdgen_2.jpg/576x768bb.jpg"",""https://is1-ssl.mzstatic.com/image/thumb/PurpleSource126/v4/19/f4/94/19f49479-d34f-e8bd-4ea3-c09dacc82f8f/836dadfa-6bb1-4342-a93a-bdd7158a6dec_2048x2732bb__U00282_U0029.png/576x768bb.png"",""https://is1-ssl.mzstatic.com/image/thumb/Purple126/v4/35/d7/5a/35d75a08-791e-30da-5709-8047e1be9acf/62f6bc6f-10bd-4c40-a97d-5669ae723ce2_iOS-iPad-Pro_3rdgen_5.jpg/576x768bb.jpg"",""https://is1-ssl.mzstatic.com/image/thumb/Purple116/v4/f6/6d/52/f66d5271-fc0c-19be-f095-270c9121b9b7/ac48729b-c5c9-41d7-b111-c6ac88807e98_iOS-iPad-Pro_3rdgen_4.jpg/576x768bb.jpg""]","[]","[""iPhone5s-iPhone5s"",""iPadAir-iPadAir"",""iPadAirCellular-iPadAirCellular"",""iPadMiniRetina-iPadMiniRetina"",""iPadMiniRetinaCellular-iPadMiniRetinaCellular"",""iPhone6-iPhone6"",""iPhone6Plus-iPhone6Plus"",""iPadAir2-iPadAir2"",""iPadAir2Cellular-iPadAir2Cellular"",""iPadMini3-iPadMini3"",""iPadMini3Cellular-iPadMini3Cellular"",""iPodTouchSixthGen-iPodTouchSixthGen"",""iPhone6s-iPhone6s"",""iPhone6sPlus-iPhone6sPlus"",""iPadMini4-iPadMini4"",""iPadMini4Cellular-iPadMini4Cellular"",""iPadPro-iPadPro"",""iPadProCellular-iPadProCellular"",""iPadPro97-iPadPro97"",""iPadPro97Cellular-iPadPro97Cellular"",""iPhoneSE-iPhoneSE"",""iPhone7-iPhone7"",""iPhone7Plus-iPhone7Plus"",""iPad611-iPad611"",""iPad612-iPad612"",""iPad71-iPad71"",""iPad72-iPad72"",""iPad73-iPad73"",""iPad74-iPad74"",""iPhone8-iPhone8"",""iPhone8Plus-iPhone8Plus"",""iPhoneX-iPhoneX"",""iPad75-iPad75"",""iPad76-iPad76"",""iPhoneXS-iPhoneXS"",""iPhoneXSMax-iPhoneXSMax"",""iPhoneXR-iPhoneXR"",""iPad812-iPad812"",""iPad834-iPad834"",""iPad856-iPad856"",""iPad878-iPad878"",""iPadMini5-iPadMini5"",""iPadMini5Cellular-iPadMini5Cellular"",""iPadAir3-iPadAir3"",""iPadAir3Cellular-iPadAir3Cellular"",""iPodTouchSeventhGen-iPodTouchSeventhGen"",""iPhone11-iPhone11"",""iPhone11Pro-iPhone11Pro"",""iPadSeventhGen-iPadSeventhGen"",""iPadSeventhGenCellular-iPadSeventhGenCellular"",""iPhone11ProMax-iPhone11ProMax"",""iPhoneSESecondGen-iPhoneSESecondGen"",""iPadProSecondGen-iPadProSecondGen"",""iPadProSecondGenCellular-iPadProSecondGenCellular"",""iPadProFourthGen-iPadProFourthGen"",""iPadProFourthGenCellular-iPadProFourthGenCellular"",""iPhone12Mini-iPhone12Mini"",""iPhone12-iPhone12"",""iPhone12Pro-iPhone12Pro"",""iPhone12ProMax-iPhone12ProMax"",""iPadAir4-iPadAir4"",""iPadAir4Cellular-iPadAir4Cellular"",""iPadEighthGen-iPadEighthGen"",""iPadEighthGenCellular-iPadEighthGenCellular"",""iPadProThirdGen-iPadProThirdGen"",""iPadProThirdGenCellular-iPadProThirdGenCellular"",""iPadProFifthGen-iPadProFifthGen"",""iPadProFifthGenCellular-iPadProFifthGenCellular"",""iPhone13Pro-iPhone13Pro"",""iPhone13ProMax-iPhone13ProMax"",""iPhone13Mini-iPhone13Mini"",""iPhone13-iPhone13"",""iPadMiniSixthGen-iPadMiniSixthGen"",""iPadMiniSixthGenCellular-iPadMiniSixthGenCellular"",""iPadNinthGen-iPadNinthGen"",""iPadNinthGenCellular-iPadNinthGenCellular"",""iPhoneSEThirdGen-iPhoneSEThirdGen"",""iPadAirFifthGen-iPadAirFifthGen"",""iPadAirFifthGenCellular-iPadAirFifthGenCellular"",""iPhone14-iPhone14"",""iPhone14Plus-iPhone14Plus"",""iPhone14Pro-iPhone14Pro"",""iPhone14ProMax-iPhone14ProMax"",""iPadTenthGen-iPadTenthGen"",""iPadTenthGenCellular-iPadTenthGenCellular"",""iPadPro11FourthGen-iPadPro11FourthGen"",""iPadPro11FourthGenCellular-iPadPro11FourthGenCellular"",""iPadProSixthGen-iPadProSixthGen"",""iPadProSixthGenCellular-iPadProSixthGenCellular"",""iPhone15-iPhone15"",""iPhone15Plus-iPhone15Plus"",""iPhone15Pro-iPhone15Pro"",""iPhone15ProMax-iPhone15ProMax""]"